,home_team,away_team,home_score,away_score,home_abrv,away_abrv,year,month,day,home_rank,away_rank,home_cup_win_record,away_cup_win_record,is_home_hosting,is_away_hosting,hosted_country,avg_temp_host,avg_humidity_host,home_goalkeeper_avg_age,home_goalkeeper_market_value,home_defender_avg_age,home_defender_market_value,home_attack_avg_age,home_attack_market_value,home_total_avg_age,home_total_market_value,away_goalkeeper_avg_age,away_goalkeeper_market_value,away_defender_avg_age,away_defender_market_value,away_attack_avg_age,away_attack_market_value,away_total_avg_age,away_total_market_value
0,Angola,Mali,4,4,ANG,MLI,2010,1,10,88,67,0,0,1,0,ANG,27.196428571428573,74.96428571428571,28.2,900000.0,26.2,3400000.0,25.5,13300000.0,25.9,21400000.0,26.3,1150000.0,25.4,15100000.0,26.5,32450000.0,25.1,107400000.0
1,Ivory Coast,Burkina Faso,0,0,CIV,BFA,2010,1,11,21,41,3,0,0,0,ANG,27.196428571428573,74.96428571428571,27.0,3000000.0,26.7,48930000.0,25.5,90350000.0,26.2,205980000.0,24.5,200000.0,26.8,5750000.0,26.2,9500000.0,26.0,24550000.0
2,Ivory Coast,Burkina Faso,0,0,CIV,BFA,2010,1,11,21,41,3,0,0,0,ANG,27.196428571428573,74.96428571428571,27.0,3000000.0,26.7,48930000.0,25.5,90350000.0,26.2,205980000.0,24.5,200000.0,26.8,5750000.0,26.2,9500000.0,26.0,24550000.0
3,Malawi,Algeria,3,0,MWI,ALG,2010,1,11,86,35,0,2,0,0,ANG,27.196428571428573,74.96428571428571,25.8,50000.0,26.6,500000.0,25.3,1450000.0,26.3,2150000.0,27.1,800000.0,27.6,18550000.0,25.8,14800000.0,26.6,59050000.0
4,Egypt,Nigeria,3,1,EGY,NGA,2010,1,12,9,32,7,3,0,0,ANG,27.196428571428573,74.96428571428571,31.5,1900000.0,28.9,12600000.0,27.3,15550000.0,28.5,40150000.0,28.1,2850000.0,26.4,33350000.0,25.5,68480000.0,25.8,135380000.0
5,Egypt,Nigeria,3,1,EGY,NGA,2010,1,12,9,32,7,3,0,0,ANG,27.196428571428573,74.96428571428571,31.5,1900000.0,28.9,12600000.0,27.3,15550000.0,28.5,40150000.0,28.1,2850000.0,26.4,33350000.0,25.5,68480000.0,25.8,135380000.0
6,Mozambique,Benin,2,2,MOZ,BEN,2010,1,12,96,71,0,0,0,0,ANG,27.196428571428573,74.96428571428571,26.8,100000.0,26.2,1400000.0,26.9,575000.0,26.4,7180000.0,26.3,150000.0,24.3,2700000.0,24.1,1650000.0,24.7,13480000.0
7,Cameroon,Gabon,0,1,CMR,GAB,2010,1,13,37,39,5,0,0,0,ANG,27.196428571428573,74.96428571428571,26.7,13250000.0,24.0,28300000.0,25.5,54650000.0,25.1,151600000.0,24.4,1550000.0,22.6,4000000.0,24.8,8200000.0,24.0,14750000.0
8,Zambia,Tunisia,1,1,ZAM,TUN,2010,1,13,76,45,1,1,0,0,ANG,27.196428571428573,74.96428571428571,25.4,375000.0,25.4,1680000.0,25.1,7100000.0,25.3,10300000.0,26.3,2050000.0,24.8,15650000.0,23.3,11580000.0,24.8,44130000.0
9,Angola,Malawi,2,0,ANG,MWI,2010,1,14,88,86,0,0,1,0,ANG,27.196428571428573,74.96428571428571,28.2,900000.0,26.2,3400000.0,25.5,13300000.0,25.9,21400000.0,25.8,50000.0,26.6,500000.0,25.3,1450000.0,26.3,2150000.0
10,Mali,Algeria,0,1,MLI,ALG,2010,1,14,67,35,0,2,0,0,ANG,27.196428571428573,74.96428571428571,26.3,1150000.0,25.4,15100000.0,26.5,32450000.0,25.1,107400000.0,27.1,800000.0,27.6,18550000.0,25.8,14800000.0,26.6,59050000.0
11,Ivory Coast,Ghana,3,1,CIV,GHA,2010,1,15,21,16,3,4,0,0,ANG,27.196428571428573,74.96428571428571,27.0,3000000.0,26.7,48930000.0,25.5,90350000.0,26.2,205980000.0,24.9,800000.0,24.0,16980000.0,22.5,14930000.0,23.5,103550000.0
12,Ivory Coast,Ghana,3,1,CIV,GHA,2010,1,15,21,16,3,4,0,0,ANG,27.196428571428573,74.96428571428571,27.0,3000000.0,26.7,48930000.0,25.5,90350000.0,26.2,205980000.0,24.9,800000.0,24.0,16980000.0,22.5,14930000.0,23.5,103550000.0
13,Egypt,Mozambique,2,0,EGY,MOZ,2010,1,16,9,96,7,0,0,0,ANG,27.196428571428573,74.96428571428571,31.5,1900000.0,28.9,12600000.0,27.3,15550000.0,28.5,40150000.0,26.8,100000.0,26.2,1400000.0,26.9,575000.0,26.4,7180000.0
14,Nigeria,Benin,1,0,NGA,BEN,2010,1,16,32,71,3,0,0,0,ANG,27.196428571428573,74.96428571428571,28.1,2850000.0,26.4,33350000.0,25.5,68480000.0,25.8,135380000.0,26.3,150000.0,24.3,2700000.0,24.1,1650000.0,24.7,13480000.0
15,Nigeria,Benin,1,0,NGA,BEN,2010,1,16,32,71,3,0,0,0,ANG,27.196428571428573,74.96428571428571,28.1,2850000.0,26.4,33350000.0,25.5,68480000.0,25.8,135380000.0,26.3,150000.0,24.3,2700000.0,24.1,1650000.0,24.7,13480000.0
16,Cameroon,Zambia,3,2,CMR,ZAM,2010,1,17,37,76,5,1,0,0,ANG,27.196428571428573,74.96428571428571,26.7,13250000.0,24.0,28300000.0,25.5,54650000.0,25.1,151600000.0,25.4,375000.0,25.4,1680000.0,25.1,7100000.0,25.3,10300000.0
17,Gabon,Tunisia,0,0,GAB,TUN,2010,1,17,39,45,0,1,0,0,ANG,27.196428571428573,74.96428571428571,24.4,1550000.0,22.6,4000000.0,24.8,8200000.0,24.0,14750000.0,26.3,2050000.0,24.8,15650000.0,23.3,11580000.0,24.8,44130000.0
18,Angola,Algeria,0,0,ANG,ALG,2010,1,18,88,35,0,2,1,0,ANG,27.196428571428573,74.96428571428571,28.2,900000.0,26.2,3400000.0,25.5,13300000.0,25.9,21400000.0,27.1,800000.0,27.6,18550000.0,25.8,14800000.0,26.6,59050000.0
19,Mali,Malawi,3,1,MLI,MWI,2010,1,18,67,86,0,0,0,0,ANG,27.196428571428573,74.96428571428571,26.3,1150000.0,25.4,15100000.0,26.5,32450000.0,25.1,107400000.0,25.8,50000.0,26.6,500000.0,25.3,1450000.0,26.3,2150000.0
20,Burkina Faso,Ghana,0,1,BFA,GHA,2010,1,19,41,16,0,4,0,0,ANG,27.196428571428573,74.96428571428571,24.5,200000.0,26.8,5750000.0,26.2,9500000.0,26.0,24550000.0,24.9,800000.0,24.0,16980000.0,22.5,14930000.0,23.5,103550000.0
21,Egypt,Benin,2,0,EGY,BEN,2010,1,20,9,71,7,0,0,0,ANG,27.196428571428573,74.96428571428571,31.5,1900000.0,28.9,12600000.0,27.3,15550000.0,28.5,40150000.0,26.3,150000.0,24.3,2700000.0,24.1,1650000.0,24.7,13480000.0
22,Nigeria,Mozambique,3,0,NGA,MOZ,2010,1,20,32,96,3,0,0,0,ANG,27.196428571428573,74.96428571428571,28.1,2850000.0,26.4,33350000.0,25.5,68480000.0,25.8,135380000.0,26.8,100000.0,26.2,1400000.0,26.9,575000.0,26.4,7180000.0
23,Nigeria,Mozambique,3,0,NGA,MOZ,2010,1,20,32,96,3,0,0,0,ANG,27.196428571428573,74.96428571428571,28.1,2850000.0,26.4,33350000.0,25.5,68480000.0,25.8,135380000.0,26.8,100000.0,26.2,1400000.0,26.9,575000.0,26.4,7180000.0
24,Cameroon,Tunisia,2,2,CMR,TUN,2010,1,21,37,45,5,1,0,0,ANG,27.196428571428573,74.96428571428571,26.7,13250000.0,24.0,28300000.0,25.5,54650000.0,25.1,151600000.0,26.3,2050000.0,24.8,15650000.0,23.3,11580000.0,24.8,44130000.0
25,Gabon,Zambia,1,2,GAB,ZAM,2010,1,21,39,76,0,1,0,0,ANG,27.196428571428573,74.96428571428571,24.4,1550000.0,22.6,4000000.0,24.8,8200000.0,24.0,14750000.0,25.4,375000.0,25.4,1680000.0,25.1,7100000.0,25.3,10300000.0
26,Angola,Ghana,0,1,ANG,GHA,2010,1,24,88,16,0,4,1,0,ANG,27.196428571428573,74.96428571428571,28.2,900000.0,26.2,3400000.0,25.5,13300000.0,25.9,21400000.0,24.9,800000.0,24.0,16980000.0,22.5,14930000.0,23.5,103550000.0
27,Ivory Coast,Algeria,2,3,CIV,ALG,2010,1,24,21,35,3,2,0,0,ANG,27.196428571428573,74.96428571428571,27.0,3000000.0,26.7,48930000.0,25.5,90350000.0,26.2,205980000.0,27.1,800000.0,27.6,18550000.0,25.8,14800000.0,26.6,59050000.0
28,Ivory Coast,Algeria,2,3,CIV,ALG,2010,1,24,21,35,3,2,0,0,ANG,27.196428571428573,74.96428571428571,27.0,3000000.0,26.7,48930000.0,25.5,90350000.0,26.2,205980000.0,27.1,800000.0,27.6,18550000.0,25.8,14800000.0,26.6,59050000.0
29,Egypt,Cameroon,3,1,EGY,CMR,2010,1,25,9,37,7,5,0,0,ANG,27.196428571428573,74.96428571428571,31.5,1900000.0,28.9,12600000.0,27.3,15550000.0,28.5,40150000.0,26.7,13250000.0,24.0,28300000.0,25.5,54650000.0,25.1,151600000.0
30,Zambia,Nigeria,0,0,ZAM,NGA,2010,1,25,76,32,1,3,0,0,ANG,27.196428571428573,74.96428571428571,25.4,375000.0,25.4,1680000.0,25.1,7100000.0,25.3,10300000.0,28.1,2850000.0,26.4,33350000.0,25.5,68480000.0,25.8,135380000.0
31,Zambia,Nigeria,0,0,ZAM,NGA,2010,1,25,76,32,1,3,0,0,ANG,27.196428571428573,74.96428571428571,25.4,375000.0,25.4,1680000.0,25.1,7100000.0,25.3,10300000.0,28.1,2850000.0,26.4,33350000.0,25.5,68480000.0,25.8,135380000.0
32,Algeria,Egypt,0,4,ALG,EGY,2010,1,28,35,9,2,7,0,0,ANG,27.196428571428573,74.96428571428571,27.1,800000.0,27.6,18550000.0,25.8,14800000.0,26.6,59050000.0,31.5,1900000.0,28.9,12600000.0,27.3,15550000.0,28.5,40150000.0
33,Ghana,Nigeria,1,0,GHA,NGA,2010,1,28,16,32,4,3,0,0,ANG,27.196428571428573,74.96428571428571,24.9,800000.0,24.0,16980000.0,22.5,14930000.0,23.5,103550000.0,28.1,2850000.0,26.4,33350000.0,25.5,68480000.0,25.8,135380000.0
34,Ghana,Nigeria,1,0,GHA,NGA,2010,1,28,16,32,4,3,0,0,ANG,27.196428571428573,74.96428571428571,24.9,800000.0,24.0,16980000.0,22.5,14930000.0,23.5,103550000.0,28.1,2850000.0,26.4,33350000.0,25.5,68480000.0,25.8,135380000.0
35,Nigeria,Algeria,1,0,NGA,ALG,2010,1,30,32,35,3,2,0,0,ANG,27.196428571428573,74.96428571428571,28.1,2850000.0,26.4,33350000.0,25.5,68480000.0,25.8,135380000.0,27.1,800000.0,27.6,18550000.0,25.8,14800000.0,26.6,59050000.0
36,Nigeria,Algeria,1,0,NGA,ALG,2010,1,30,32,35,3,2,0,0,ANG,27.196428571428573,74.96428571428571,28.1,2850000.0,26.4,33350000.0,25.5,68480000.0,25.8,135380000.0,27.1,800000.0,27.6,18550000.0,25.8,14800000.0,26.6,59050000.0
37,Ghana,Egypt,0,1,GHA,EGY,2010,1,31,16,9,4,7,0,0,ANG,27.196428571428573,74.96428571428571,24.9,800000.0,24.0,16980000.0,22.5,14930000.0,23.5,103550000.0,31.5,1900000.0,28.9,12600000.0,27.3,15550000.0,28.5,40150000.0
38,Equatorial Guinea,Libya,1,0,EQG,LBY,2012,1,21,79,54,0,0,1,0,GAB,25.382142857142856,87.60714285714286,24.4,,26.9,,27.3,3450000.0,26.5,3800000.0,30.9,100000.0,25.5,750000.0,25.9,525000.0,26.4,3650000.0
39,Senegal,Zambia,1,2,SEN,ZAM,2012,1,21,77,34,1,1,0,0,GAB,25.382142857142856,87.60714285714286,28.0,200000.0,25.9,38050000.0,25.4,62850000.0,25.7,119400000.0,24.3,375000.0,24.4,1580000.0,24.4,6300000.0,24.5,9100000.0
40,Burkina Faso,Angola,1,2,BFA,ANG,2012,1,22,89,84,0,0,0,0,GAB,25.382142857142856,87.60714285714286,25.6,200000.0,26.2,7800000.0,25.0,8550000.0,25.6,29600000.0,26.6,650000.0,24.6,2750000.0,25.0,10400000.0,25.1,16000000.0
41,Ivory Coast,Sudan,1,0,CIV,SDN,2012,1,22,14,101,3,1,0,0,GAB,25.382142857142856,87.60714285714286,27.7,2450000.0,27.9,35750000.0,26.1,97250000.0,27.1,189950000.0,30.8,400000.0,26.8,875000.0,26.4,500000.0,27.5,2830000.0
42,Ivory Coast,Sudan,1,0,CIV,SDN,2012,1,22,14,101,3,1,0,0,GAB,25.382142857142856,87.60714285714286,27.7,2450000.0,27.9,35750000.0,26.1,97250000.0,27.1,189950000.0,30.8,400000.0,26.8,875000.0,26.4,500000.0,27.5,2830000.0
43,Gabon,Niger,2,0,GAB,NIG,2012,1,23,42,105,0,0,1,0,GAB,25.382142857142856,87.60714285714286,30.2,600000.0,23.6,8400000.0,24.6,8480000.0,23.9,18780000.0,26.8,2000000.0,23.0,19630000.0,24.2,61550000.0,23.6,113280000.0
44,Gabon,Niger,2,0,GAB,NIG,2012,1,23,42,105,0,0,1,0,GAB,25.382142857142856,87.60714285714286,30.2,600000.0,23.6,8400000.0,24.6,8480000.0,23.9,18780000.0,26.8,2000000.0,23.0,19630000.0,24.2,61550000.0,23.6,113280000.0
45,Morocco,Tunisia,1,2,MAR,TUN,2012,1,23,74,45,1,1,0,0,GAB,25.382142857142856,87.60714285714286,28.6,675000.0,25.8,20380000.0,25.5,45350000.0,25.6,103030000.0,24.7,3800000.0,25.3,15050000.0,24.5,18900000.0,25.2,51050000.0
46,Ghana,Botswana,1,0,GHA,BOT,2012,1,24,30,121,4,0,0,0,GAB,25.382142857142856,87.60714285714286,24.2,1050000.0,23.0,25130000.0,22.1,33380000.0,22.9,92930000.0,27.2,100000.0,26.7,550000.0,26.5,375000.0,26.8,1830000.0
47,Mali,Guinea,1,0,MLI,GUI,2012,1,24,25,60,0,0,0,0,GAB,25.382142857142856,87.60714285714286,24.3,1150000.0,25.7,13600000.0,23.3,12650000.0,24.7,53550000.0,22.7,250000.0,26.2,10200000.0,24.6,10000000.0,24.8,23750000.0
48,Equatorial Guinea,Senegal,2,1,EQG,SEN,2012,1,25,79,77,0,1,1,0,GAB,25.382142857142856,87.60714285714286,24.4,,26.9,,27.3,3450000.0,26.5,3800000.0,28.0,200000.0,25.9,38050000.0,25.4,62850000.0,25.7,119400000.0
49,Libya,Zambia,2,2,LBY,ZAM,2012,1,25,54,34,0,1,0,0,GAB,25.382142857142856,87.60714285714286,30.9,100000.0,25.5,750000.0,25.9,525000.0,26.4,3650000.0,24.3,375000.0,24.4,1580000.0,24.4,6300000.0,24.5,9100000.0
50,Ivory Coast,Burkina Faso,2,0,CIV,BFA,2012,1,26,14,89,3,0,0,0,GAB,25.382142857142856,87.60714285714286,27.7,2450000.0,27.9,35750000.0,26.1,97250000.0,27.1,189950000.0,25.6,200000.0,26.2,7800000.0,25.0,8550000.0,25.6,29600000.0
51,Ivory Coast,Burkina Faso,2,0,CIV,BFA,2012,1,26,14,89,3,0,0,0,GAB,25.382142857142856,87.60714285714286,27.7,2450000.0,27.9,35750000.0,26.1,97250000.0,27.1,189950000.0,25.6,200000.0,26.2,7800000.0,25.0,8550000.0,25.6,29600000.0
52,Sudan,Angola,2,2,SDN,ANG,2012,1,26,101,84,1,0,0,0,GAB,25.382142857142856,87.60714285714286,30.8,400000.0,26.8,875000.0,26.4,500000.0,27.5,2830000.0,26.6,650000.0,24.6,2750000.0,25.0,10400000.0,25.1,16000000.0
53,Gabon,Morocco,3,2,GAB,MAR,2012,1,27,42,74,0,1,1,0,GAB,25.382142857142856,87.60714285714286,30.2,600000.0,23.6,8400000.0,24.6,8480000.0,23.9,18780000.0,28.6,675000.0,25.8,20380000.0,25.5,45350000.0,25.6,103030000.0
54,Niger,Tunisia,1,2,NIG,TUN,2012,1,27,105,45,0,1,0,0,GAB,25.382142857142856,87.60714285714286,26.8,2000000.0,23.0,19630000.0,24.2,61550000.0,23.6,113280000.0,24.7,3800000.0,25.3,15050000.0,24.5,18900000.0,25.2,51050000.0
55,Niger,Tunisia,1,2,NIG,TUN,2012,1,27,105,45,0,1,0,0,GAB,25.382142857142856,87.60714285714286,26.8,2000000.0,23.0,19630000.0,24.2,61550000.0,23.6,113280000.0,24.7,3800000.0,25.3,15050000.0,24.5,18900000.0,25.2,51050000.0
56,Botswana,Guinea,1,6,BOT,GUI,2012,1,28,121,60,0,0,0,0,GAB,25.382142857142856,87.60714285714286,27.2,100000.0,26.7,550000.0,26.5,375000.0,26.8,1830000.0,22.7,250000.0,26.2,10200000.0,24.6,10000000.0,24.8,23750000.0
57,Ghana,Mali,2,0,GHA,MLI,2012,1,28,30,25,4,0,0,0,GAB,25.382142857142856,87.60714285714286,24.2,1050000.0,23.0,25130000.0,22.1,33380000.0,22.9,92930000.0,24.3,1150000.0,25.7,13600000.0,23.3,12650000.0,24.7,53550000.0
58,Equatorial Guinea,Zambia,0,1,EQG,ZAM,2012,1,29,79,34,0,1,1,0,GAB,25.382142857142856,87.60714285714286,24.4,,26.9,,27.3,3450000.0,26.5,3800000.0,24.3,375000.0,24.4,1580000.0,24.4,6300000.0,24.5,9100000.0
59,Libya,Senegal,2,1,LBY,SEN,2012,1,29,54,77,0,1,0,0,GAB,25.382142857142856,87.60714285714286,30.9,100000.0,25.5,750000.0,25.9,525000.0,26.4,3650000.0,28.0,200000.0,25.9,38050000.0,25.4,62850000.0,25.7,119400000.0
60,Ivory Coast,Angola,2,0,CIV,ANG,2012,1,30,14,84,3,0,0,0,GAB,25.382142857142856,87.60714285714286,27.7,2450000.0,27.9,35750000.0,26.1,97250000.0,27.1,189950000.0,26.6,650000.0,24.6,2750000.0,25.0,10400000.0,25.1,16000000.0
61,Ivory Coast,Angola,2,0,CIV,ANG,2012,1,30,14,84,3,0,0,0,GAB,25.382142857142856,87.60714285714286,27.7,2450000.0,27.9,35750000.0,26.1,97250000.0,27.1,189950000.0,26.6,650000.0,24.6,2750000.0,25.0,10400000.0,25.1,16000000.0
62,Sudan,Burkina Faso,2,1,SDN,BFA,2012,1,30,101,89,1,0,0,0,GAB,25.382142857142856,87.60714285714286,30.8,400000.0,26.8,875000.0,26.4,500000.0,27.5,2830000.0,25.6,200000.0,26.2,7800000.0,25.0,8550000.0,25.6,29600000.0
63,Gabon,Tunisia,1,0,GAB,TUN,2012,1,31,42,45,0,1,1,0,GAB,25.382142857142856,87.60714285714286,30.2,600000.0,23.6,8400000.0,24.6,8480000.0,23.9,18780000.0,24.7,3800000.0,25.3,15050000.0,24.5,18900000.0,25.2,51050000.0
64,Niger,Morocco,0,1,NIG,MAR,2012,1,31,105,74,0,1,0,0,GAB,25.382142857142856,87.60714285714286,26.8,2000000.0,23.0,19630000.0,24.2,61550000.0,23.6,113280000.0,28.6,675000.0,25.8,20380000.0,25.5,45350000.0,25.6,103030000.0
65,Niger,Morocco,0,1,NIG,MAR,2012,1,31,105,74,0,1,0,0,GAB,25.382142857142856,87.60714285714286,26.8,2000000.0,23.0,19630000.0,24.2,61550000.0,23.6,113280000.0,28.6,675000.0,25.8,20380000.0,25.5,45350000.0,25.6,103030000.0
66,Botswana,Mali,1,2,BOT,MLI,2012,2,1,121,25,0,0,0,0,GAB,25.53928571428571,88.10714285714286,27.2,100000.0,26.7,550000.0,26.5,375000.0,26.8,1830000.0,24.3,1150000.0,25.7,13600000.0,23.3,12650000.0,24.7,53550000.0
67,Ghana,Guinea,1,1,GHA,GUI,2012,2,1,30,60,4,0,0,0,GAB,25.53928571428571,88.10714285714286,24.2,1050000.0,23.0,25130000.0,22.1,33380000.0,22.9,92930000.0,22.7,250000.0,26.2,10200000.0,24.6,10000000.0,24.8,23750000.0
68,Equatorial Guinea,Ivory Coast,0,3,EQG,CIV,2012,2,4,79,14,0,3,1,0,GAB,25.53928571428571,88.10714285714286,24.4,,26.9,,27.3,3450000.0,26.5,3800000.0,27.7,2450000.0,27.9,35750000.0,26.1,97250000.0,27.1,189950000.0
69,Equatorial Guinea,Ivory Coast,0,3,EQG,CIV,2012,2,4,79,14,0,3,1,0,GAB,25.53928571428571,88.10714285714286,24.4,,26.9,,27.3,3450000.0,26.5,3800000.0,27.7,2450000.0,27.9,35750000.0,26.1,97250000.0,27.1,189950000.0
70,Zambia,Sudan,3,0,ZAM,SDN,2012,2,4,34,101,1,1,0,0,GAB,25.53928571428571,88.10714285714286,24.3,375000.0,24.4,1580000.0,24.4,6300000.0,24.5,9100000.0,30.8,400000.0,26.8,875000.0,26.4,500000.0,27.5,2830000.0
71,Gabon,Mali,1,1,GAB,MLI,2012,2,5,42,25,0,0,1,0,GAB,25.53928571428571,88.10714285714286,30.2,600000.0,23.6,8400000.0,24.6,8480000.0,23.9,18780000.0,24.3,1150000.0,25.7,13600000.0,23.3,12650000.0,24.7,53550000.0
72,Ghana,Tunisia,2,1,GHA,TUN,2012,2,5,30,45,4,1,0,0,GAB,25.53928571428571,88.10714285714286,24.2,1050000.0,23.0,25130000.0,22.1,33380000.0,22.9,92930000.0,24.7,3800000.0,25.3,15050000.0,24.5,18900000.0,25.2,51050000.0
73,Mali,Ivory Coast,0,1,MLI,CIV,2012,2,8,25,14,0,3,0,0,GAB,25.53928571428571,88.10714285714286,24.3,1150000.0,25.7,13600000.0,23.3,12650000.0,24.7,53550000.0,27.7,2450000.0,27.9,35750000.0,26.1,97250000.0,27.1,189950000.0
74,Mali,Ivory Coast,0,1,MLI,CIV,2012,2,8,25,14,0,3,0,0,GAB,25.53928571428571,88.10714285714286,24.3,1150000.0,25.7,13600000.0,23.3,12650000.0,24.7,53550000.0,27.7,2450000.0,27.9,35750000.0,26.1,97250000.0,27.1,189950000.0
75,Zambia,Ghana,1,0,ZAM,GHA,2012,2,8,34,30,1,4,0,0,GAB,25.53928571428571,88.10714285714286,24.3,375000.0,24.4,1580000.0,24.4,6300000.0,24.5,9100000.0,24.2,1050000.0,23.0,25130000.0,22.1,33380000.0,22.9,92930000.0
76,Ghana,Mali,0,2,GHA,MLI,2012,2,11,30,25,4,0,0,0,GAB,25.53928571428571,88.10714285714286,24.2,1050000.0,23.0,25130000.0,22.1,33380000.0,22.9,92930000.0,24.3,1150000.0,25.7,13600000.0,23.3,12650000.0,24.7,53550000.0
77,Zambia,Ivory Coast,0,0,ZAM,CIV,2012,2,12,34,14,1,3,0,0,GAB,25.53928571428571,88.10714285714286,24.3,375000.0,24.4,1580000.0,24.4,6300000.0,24.5,9100000.0,27.7,2450000.0,27.9,35750000.0,26.1,97250000.0,27.1,189950000.0
78,Zambia,Ivory Coast,0,0,ZAM,CIV,2012,2,12,34,14,1,3,0,0,GAB,25.53928571428571,88.10714285714286,24.3,375000.0,24.4,1580000.0,24.4,6300000.0,24.5,9100000.0,27.7,2450000.0,27.9,35750000.0,26.1,97250000.0,27.1,189950000.0
79,Angola,Morocco,0,0,ANG,MAR,2013,1,19,88,73,0,1,0,0,RSA,22.33928571428571,63.142857142857146,25.2,400000.0,23.6,3000000.0,24.0,7950000.0,23.9,12100000.0,27.5,1950000.0,25.5,22480000.0,26.2,27500000.0,25.8,101680000.0
80,South Africa,Cape Verde,0,0,RSA,CPV,2013,1,19,62,39,1,0,1,0,RSA,22.33928571428571,63.142857142857146,24.9,1830000.0,25.8,10380000.0,25.9,5380000.0,25.4,28780000.0,26.0,,26.1,4150000.0,23.8,7050000.0,26.0,13780000.0
81,Ghana,DR Congo,2,2,GHA,COD,2013,1,20,24,82,4,2,0,0,RSA,22.33928571428571,63.142857142857146,27.2,1350000.0,24.0,14050000.0,22.5,38450000.0,24.2,133900000.0,27.0,800000.0,24.7,5000000.0,24.6,10700000.0,24.8,25750000.0
82,Mali,Niger,1,0,MLI,NIG,2013,1,20,45,104,0,0,0,0,RSA,22.33928571428571,63.142857142857146,23.2,850000.0,24.9,6950000.0,23.4,11450000.0,24.7,44550000.0,28.4,1850000.0,23.2,13630000.0,23.4,62880000.0,23.6,101650000.0
83,Mali,Niger,1,0,MLI,NIG,2013,1,20,45,104,0,0,0,0,RSA,22.33928571428571,63.142857142857146,23.2,850000.0,24.9,6950000.0,23.4,11450000.0,24.7,44550000.0,28.4,1850000.0,23.2,13630000.0,23.4,62880000.0,23.6,101650000.0
84,Nigeria,Burkina Faso,1,1,NGA,BFA,2013,1,21,37,53,3,0,0,0,RSA,22.33928571428571,63.142857142857146,28.4,1850000.0,23.2,13630000.0,23.4,62880000.0,23.6,101650000.0,27.7,650000.0,25.0,6680000.0,24.5,10000000.0,25.3,31580000.0
85,Nigeria,Burkina Faso,1,1,NGA,BFA,2013,1,21,37,53,3,0,0,0,RSA,22.33928571428571,63.142857142857146,28.4,1850000.0,23.2,13630000.0,23.4,62880000.0,23.6,101650000.0,27.7,650000.0,25.0,6680000.0,24.5,10000000.0,25.3,31580000.0
86,Zambia,Ethiopia,1,1,ZAM,ETH,2013,1,21,69,93,1,1,0,0,RSA,22.33928571428571,63.142857142857146,24.8,450000.0,26.6,2130000.0,25.3,9100000.0,25.8,13030000.0,23.4,,22.9,75000.0,23.2,500000.0,23.9,575000.0
87,Ivory Coast,Togo,2,1,CIV,TOG,2013,1,22,17,72,3,0,0,0,RSA,22.33928571428571,63.142857142857146,28.8,2200000.0,27.5,30350000.0,26.3,90980000.0,26.7,195580000.0,27.6,1300000.0,25.7,1730000.0,23.7,17100000.0,25.0,25330000.0
88,Ivory Coast,Togo,2,1,CIV,TOG,2013,1,22,17,72,3,0,0,0,RSA,22.33928571428571,63.142857142857146,28.8,2200000.0,27.5,30350000.0,26.3,90980000.0,26.7,195580000.0,27.6,1300000.0,25.7,1730000.0,23.7,17100000.0,25.0,25330000.0
89,Tunisia,Algeria,1,0,TUN,ALG,2013,1,22,48,26,1,2,0,0,RSA,22.33928571428571,63.142857142857146,24.9,4050000.0,26.3,21500000.0,24.3,17680000.0,25.5,60330000.0,26.6,3350000.0,25.8,12950000.0,24.8,17500000.0,26.0,67800000.0
90,Morocco,Cape Verde,1,1,MAR,CPV,2013,1,23,73,39,1,0,0,0,RSA,22.33928571428571,63.142857142857146,27.5,1950000.0,25.5,22480000.0,26.2,27500000.0,25.8,101680000.0,26.0,,26.1,4150000.0,23.8,7050000.0,26.0,13780000.0
91,South Africa,Angola,2,0,RSA,ANG,2013,1,23,62,88,1,0,1,0,RSA,22.33928571428571,63.142857142857146,24.9,1830000.0,25.8,10380000.0,25.9,5380000.0,25.4,28780000.0,25.2,400000.0,23.6,3000000.0,24.0,7950000.0,23.9,12100000.0
92,Ghana,Mali,1,0,GHA,MLI,2013,1,24,24,45,4,0,0,0,RSA,22.33928571428571,63.142857142857146,27.2,1350000.0,24.0,14050000.0,22.5,38450000.0,24.2,133900000.0,23.2,850000.0,24.9,6950000.0,23.4,11450000.0,24.7,44550000.0
93,Niger,DR Congo,0,0,NIG,COD,2013,1,24,104,82,0,2,0,0,RSA,22.33928571428571,63.142857142857146,28.4,1850000.0,23.2,13630000.0,23.4,62880000.0,23.6,101650000.0,27.0,800000.0,24.7,5000000.0,24.6,10700000.0,24.8,25750000.0
94,Niger,DR Congo,0,0,NIG,COD,2013,1,24,104,82,0,2,0,0,RSA,22.33928571428571,63.142857142857146,28.4,1850000.0,23.2,13630000.0,23.4,62880000.0,23.6,101650000.0,27.0,800000.0,24.7,5000000.0,24.6,10700000.0,24.8,25750000.0
95,Burkina Faso,Ethiopia,4,0,BFA,ETH,2013,1,25,53,93,0,1,0,0,RSA,22.33928571428571,63.142857142857146,27.7,650000.0,25.0,6680000.0,24.5,10000000.0,25.3,31580000.0,23.4,,22.9,75000.0,23.2,500000.0,23.9,575000.0
96,Zambia,Nigeria,1,1,ZAM,NGA,2013,1,25,69,37,1,3,0,0,RSA,22.33928571428571,63.142857142857146,24.8,450000.0,26.6,2130000.0,25.3,9100000.0,25.8,13030000.0,28.4,1850000.0,23.2,13630000.0,23.4,62880000.0,23.6,101650000.0
97,Zambia,Nigeria,1,1,ZAM,NGA,2013,1,25,69,37,1,3,0,0,RSA,22.33928571428571,63.142857142857146,24.8,450000.0,26.6,2130000.0,25.3,9100000.0,25.8,13030000.0,28.4,1850000.0,23.2,13630000.0,23.4,62880000.0,23.6,101650000.0
98,Algeria,Togo,0,2,ALG,TOG,2013,1,26,26,72,2,0,0,0,RSA,22.33928571428571,63.142857142857146,26.6,3350000.0,25.8,12950000.0,24.8,17500000.0,26.0,67800000.0,27.6,1300000.0,25.7,1730000.0,23.7,17100000.0,25.0,25330000.0
99,Ivory Coast,Tunisia,3,0,CIV,TUN,2013,1,26,17,48,3,1,0,0,RSA,22.33928571428571,63.142857142857146,28.8,2200000.0,27.5,30350000.0,26.3,90980000.0,26.7,195580000.0,24.9,4050000.0,26.3,21500000.0,24.3,17680000.0,25.5,60330000.0
100,Ivory Coast,Tunisia,3,0,CIV,TUN,2013,1,26,17,48,3,1,0,0,RSA,22.33928571428571,63.142857142857146,28.8,2200000.0,27.5,30350000.0,26.3,90980000.0,26.7,195580000.0,24.9,4050000.0,26.3,21500000.0,24.3,17680000.0,25.5,60330000.0
101,Cape Verde,Angola,2,1,CPV,ANG,2013,1,27,39,88,0,0,0,0,RSA,22.33928571428571,63.142857142857146,26.0,,26.1,4150000.0,23.8,7050000.0,26.0,13780000.0,25.2,400000.0,23.6,3000000.0,24.0,7950000.0,23.9,12100000.0
102,South Africa,Morocco,2,2,RSA,MAR,2013,1,27,62,73,1,1,1,0,RSA,22.33928571428571,63.142857142857146,24.9,1830000.0,25.8,10380000.0,25.9,5380000.0,25.4,28780000.0,27.5,1950000.0,25.5,22480000.0,26.2,27500000.0,25.8,101680000.0
103,DR Congo,Mali,1,1,COD,MLI,2013,1,28,82,45,2,0,0,0,RSA,22.33928571428571,63.142857142857146,27.0,800000.0,24.7,5000000.0,24.6,10700000.0,24.8,25750000.0,23.2,850000.0,24.9,6950000.0,23.4,11450000.0,24.7,44550000.0
104,Niger,Ghana,0,3,NIG,GHA,2013,1,28,104,24,0,4,0,0,RSA,22.33928571428571,63.142857142857146,28.4,1850000.0,23.2,13630000.0,23.4,62880000.0,23.6,101650000.0,27.2,1350000.0,24.0,14050000.0,22.5,38450000.0,24.2,133900000.0
105,Niger,Ghana,0,3,NIG,GHA,2013,1,28,104,24,0,4,0,0,RSA,22.33928571428571,63.142857142857146,28.4,1850000.0,23.2,13630000.0,23.4,62880000.0,23.6,101650000.0,27.2,1350000.0,24.0,14050000.0,22.5,38450000.0,24.2,133900000.0
106,Burkina Faso,Zambia,0,0,BFA,ZAM,2013,1,29,53,69,0,1,0,0,RSA,22.33928571428571,63.142857142857146,27.7,650000.0,25.0,6680000.0,24.5,10000000.0,25.3,31580000.0,24.8,450000.0,26.6,2130000.0,25.3,9100000.0,25.8,13030000.0
107,Ethiopia,Nigeria,0,2,ETH,NGA,2013,1,29,93,37,1,3,0,0,RSA,22.33928571428571,63.142857142857146,23.4,,22.9,75000.0,23.2,500000.0,23.9,575000.0,28.4,1850000.0,23.2,13630000.0,23.4,62880000.0,23.6,101650000.0
108,Ethiopia,Nigeria,0,2,ETH,NGA,2013,1,29,93,37,1,3,0,0,RSA,22.33928571428571,63.142857142857146,23.4,,22.9,75000.0,23.2,500000.0,23.9,575000.0,28.4,1850000.0,23.2,13630000.0,23.4,62880000.0,23.6,101650000.0
109,Algeria,Ivory Coast,2,2,ALG,CIV,2013,1,30,26,17,2,3,0,0,RSA,22.33928571428571,63.142857142857146,26.6,3350000.0,25.8,12950000.0,24.8,17500000.0,26.0,67800000.0,28.8,2200000.0,27.5,30350000.0,26.3,90980000.0,26.7,195580000.0
110,Algeria,Ivory Coast,2,2,ALG,CIV,2013,1,30,26,17,2,3,0,0,RSA,22.33928571428571,63.142857142857146,26.6,3350000.0,25.8,12950000.0,24.8,17500000.0,26.0,67800000.0,28.8,2200000.0,27.5,30350000.0,26.3,90980000.0,26.7,195580000.0
111,Togo,Tunisia,1,1,TOG,TUN,2013,1,30,72,48,0,1,0,0,RSA,22.33928571428571,63.142857142857146,27.6,1300000.0,25.7,1730000.0,23.7,17100000.0,25.0,25330000.0,24.9,4050000.0,26.3,21500000.0,24.3,17680000.0,25.5,60330000.0
112,Ghana,Cape Verde,2,0,GHA,CPV,2013,2,2,24,39,4,0,0,0,RSA,23.503571428571423,53.035714285714285,27.2,1350000.0,24.0,14050000.0,22.5,38450000.0,24.2,133900000.0,26.0,,26.1,4150000.0,23.8,7050000.0,26.0,13780000.0
113,South Africa,Mali,1,1,RSA,MLI,2013,2,2,62,45,1,0,1,0,RSA,23.503571428571423,53.035714285714285,24.9,1830000.0,25.8,10380000.0,25.9,5380000.0,25.4,28780000.0,23.2,850000.0,24.9,6950000.0,23.4,11450000.0,24.7,44550000.0
114,Burkina Faso,Togo,1,0,BFA,TOG,2013,2,3,53,72,0,0,0,0,RSA,23.503571428571423,53.035714285714285,27.7,650000.0,25.0,6680000.0,24.5,10000000.0,25.3,31580000.0,27.6,1300000.0,25.7,1730000.0,23.7,17100000.0,25.0,25330000.0
115,Ivory Coast,Nigeria,1,2,CIV,NGA,2013,2,3,17,37,3,3,0,0,RSA,23.503571428571423,53.035714285714285,28.8,2200000.0,27.5,30350000.0,26.3,90980000.0,26.7,195580000.0,28.4,1850000.0,23.2,13630000.0,23.4,62880000.0,23.6,101650000.0
116,Ivory Coast,Nigeria,1,2,CIV,NGA,2013,2,3,17,37,3,3,0,0,RSA,23.503571428571423,53.035714285714285,28.8,2200000.0,27.5,30350000.0,26.3,90980000.0,26.7,195580000.0,28.4,1850000.0,23.2,13630000.0,23.4,62880000.0,23.6,101650000.0
117,Ivory Coast,Nigeria,1,2,CIV,NGA,2013,2,3,17,37,3,3,0,0,RSA,23.503571428571423,53.035714285714285,28.8,2200000.0,27.5,30350000.0,26.3,90980000.0,26.7,195580000.0,28.4,1850000.0,23.2,13630000.0,23.4,62880000.0,23.6,101650000.0
118,Ivory Coast,Nigeria,1,2,CIV,NGA,2013,2,3,17,37,3,3,0,0,RSA,23.503571428571423,53.035714285714285,28.8,2200000.0,27.5,30350000.0,26.3,90980000.0,26.7,195580000.0,28.4,1850000.0,23.2,13630000.0,23.4,62880000.0,23.6,101650000.0
119,Burkina Faso,Ghana,1,1,BFA,GHA,2013,2,6,53,24,0,4,0,0,RSA,23.503571428571423,53.035714285714285,27.7,650000.0,25.0,6680000.0,24.5,10000000.0,25.3,31580000.0,27.2,1350000.0,24.0,14050000.0,22.5,38450000.0,24.2,133900000.0
120,Mali,Nigeria,1,4,MLI,NGA,2013,2,6,45,37,0,3,0,0,RSA,23.503571428571423,53.035714285714285,23.2,850000.0,24.9,6950000.0,23.4,11450000.0,24.7,44550000.0,28.4,1850000.0,23.2,13630000.0,23.4,62880000.0,23.6,101650000.0
121,Mali,Nigeria,1,4,MLI,NGA,2013,2,6,45,37,0,3,0,0,RSA,23.503571428571423,53.035714285714285,23.2,850000.0,24.9,6950000.0,23.4,11450000.0,24.7,44550000.0,28.4,1850000.0,23.2,13630000.0,23.4,62880000.0,23.6,101650000.0
122,Mali,Ghana,3,1,MLI,GHA,2013,2,9,45,24,0,4,0,0,RSA,23.503571428571423,53.035714285714285,23.2,850000.0,24.9,6950000.0,23.4,11450000.0,24.7,44550000.0,27.2,1350000.0,24.0,14050000.0,22.5,38450000.0,24.2,133900000.0
123,Nigeria,Burkina Faso,1,0,NGA,BFA,2013,2,10,37,53,3,0,0,0,RSA,23.503571428571423,53.035714285714285,28.4,1850000.0,23.2,13630000.0,23.4,62880000.0,23.6,101650000.0,27.7,650000.0,25.0,6680000.0,24.5,10000000.0,25.3,31580000.0
124,Nigeria,Burkina Faso,1,0,NGA,BFA,2013,2,10,37,53,3,0,0,0,RSA,23.503571428571423,53.035714285714285,28.4,1850000.0,23.2,13630000.0,23.4,62880000.0,23.6,101650000.0,27.7,650000.0,25.0,6680000.0,24.5,10000000.0,25.3,31580000.0
125,Burkina Faso,Gabon,0,2,BFA,GAB,2015,1,17,89,76,0,0,0,0,EQG,26.785714285714285,83.35714285714286,26.4,150000.0,26.0,4650000.0,26.0,11630000.0,25.9,29880000.0,29.2,1500000.0,23.8,7580000.0,22.7,20530000.0,24.0,38000000.0
126,Equatorial Guinea,Congo,1,1,EQG,CGO,2015,1,17,69,48,0,1,1,0,EQG,26.785714285714285,83.35714285714286,22.8,200000.0,25.5,275000.0,25.8,3350000.0,25.8,4200000.0,27.4,2150000.0,24.8,13800000.0,23.5,25850000.0,24.7,56700000.0
127,Equatorial Guinea,Congo,1,1,EQG,CGO,2015,1,17,69,48,0,1,1,0,EQG,26.785714285714285,83.35714285714286,22.8,200000.0,25.5,275000.0,25.8,3350000.0,25.8,4200000.0,27.4,2150000.0,24.8,13800000.0,23.5,25850000.0,24.7,56700000.0
128,Tunisia,Cape Verde,1,1,TUN,CPV,2015,1,18,40,39,1,0,0,0,EQG,26.785714285714285,83.35714285714286,26.5,2750000.0,24.6,18030000.0,25.9,21150000.0,25.6,54650000.0,24.1,475000.0,27.8,7900000.0,27.1,16350000.0,27.6,29480000.0
129,Zambia,DR Congo,1,1,ZAM,COD,2015,1,18,73,60,1,2,0,0,EQG,26.785714285714285,83.35714285714286,25.5,650000.0,23.4,2950000.0,24.1,4780000.0,23.8,9480000.0,27.4,2150000.0,24.8,13800000.0,23.5,25850000.0,24.7,56700000.0
130,Algeria,South Africa,3,1,ALG,RSA,2015,1,19,28,72,2,1,0,0,EQG,26.785714285714285,83.35714285714286,29.4,2450000.0,27.0,28200000.0,25.6,71100000.0,27.3,146250000.0,28.0,3180000.0,26.6,8330000.0,26.4,5000000.0,26.4,36230000.0
131,Ghana,Senegal,1,2,GHA,SEN,2015,1,19,33,44,4,1,0,0,EQG,26.785714285714285,83.35714285714286,29.5,1100000.0,25.5,24200000.0,25.5,49250000.0,25.6,101950000.0,28.0,1850000.0,27.1,55000000.0,27.3,103400000.0,27.3,210350000.0
132,Ivory Coast,Guinea,1,1,CIV,GUI,2015,1,20,19,50,3,0,0,0,EQG,26.785714285714285,83.35714285714286,29.0,2150000.0,26.3,23450000.0,24.8,85000000.0,25.4,157850000.0,26.4,400000.0,26.3,9700000.0,23.1,12500000.0,24.4,31430000.0
133,Ivory Coast,Guinea,1,1,CIV,GUI,2015,1,20,19,50,3,0,0,0,EQG,26.785714285714285,83.35714285714286,29.0,2150000.0,26.3,23450000.0,24.8,85000000.0,25.4,157850000.0,26.4,400000.0,26.3,9700000.0,23.1,12500000.0,24.4,31430000.0
134,Mali,Cameroon,1,1,MLI,CMR,2015,1,20,62,59,0,5,0,0,EQG,26.785714285714285,83.35714285714286,25.6,2100000.0,25.6,5880000.0,24.9,16530000.0,25.5,38100000.0,22.9,2600000.0,23.6,48550000.0,23.7,26200000.0,23.9,93600000.0
135,Equatorial Guinea,Burkina Faso,0,0,EQG,BFA,2015,1,21,69,89,0,0,1,0,EQG,26.785714285714285,83.35714285714286,22.8,200000.0,25.5,275000.0,25.8,3350000.0,25.8,4200000.0,26.4,150000.0,26.0,4650000.0,26.0,11630000.0,25.9,29880000.0
136,Gabon,Congo,0,1,GAB,CGO,2015,1,21,76,48,0,1,0,0,EQG,26.785714285714285,83.35714285714286,29.2,1500000.0,23.8,7580000.0,22.7,20530000.0,24.0,38000000.0,27.4,2150000.0,24.8,13800000.0,23.5,25850000.0,24.7,56700000.0
137,Gabon,Congo,0,1,GAB,CGO,2015,1,21,76,48,0,1,0,0,EQG,26.785714285714285,83.35714285714286,29.2,1500000.0,23.8,7580000.0,22.7,20530000.0,24.0,38000000.0,27.4,2150000.0,24.8,13800000.0,23.5,25850000.0,24.7,56700000.0
138,Cape Verde,DR Congo,0,0,CPV,COD,2015,1,22,39,60,0,2,0,0,EQG,26.785714285714285,83.35714285714286,24.1,475000.0,27.8,7900000.0,27.1,16350000.0,27.6,29480000.0,27.4,2150000.0,24.8,13800000.0,23.5,25850000.0,24.7,56700000.0
139,Zambia,Tunisia,1,2,ZAM,TUN,2015,1,22,73,40,1,1,0,0,EQG,26.785714285714285,83.35714285714286,25.5,650000.0,23.4,2950000.0,24.1,4780000.0,23.8,9480000.0,26.5,2750000.0,24.6,18030000.0,25.9,21150000.0,25.6,54650000.0
140,Ghana,Algeria,1,0,GHA,ALG,2015,1,23,33,28,4,2,0,0,EQG,26.785714285714285,83.35714285714286,29.5,1100000.0,25.5,24200000.0,25.5,49250000.0,25.6,101950000.0,29.4,2450000.0,27.0,28200000.0,25.6,71100000.0,27.3,146250000.0
141,South Africa,Senegal,1,1,RSA,SEN,2015,1,23,72,44,1,1,0,0,EQG,26.785714285714285,83.35714285714286,28.0,3180000.0,26.6,8330000.0,26.4,5000000.0,26.4,36230000.0,28.0,1850000.0,27.1,55000000.0,27.3,103400000.0,27.3,210350000.0
142,Cameroon,Guinea,1,1,CMR,GUI,2015,1,24,59,50,5,0,0,0,EQG,26.785714285714285,83.35714285714286,22.9,2600000.0,23.6,48550000.0,23.7,26200000.0,23.9,93600000.0,26.4,400000.0,26.3,9700000.0,23.1,12500000.0,24.4,31430000.0
143,Ivory Coast,Mali,1,1,CIV,MLI,2015,1,24,19,62,3,0,0,0,EQG,26.785714285714285,83.35714285714286,29.0,2150000.0,26.3,23450000.0,24.8,85000000.0,25.4,157850000.0,25.6,2100000.0,25.6,5880000.0,24.9,16530000.0,25.5,38100000.0
144,Ivory Coast,Mali,1,1,CIV,MLI,2015,1,24,19,62,3,0,0,0,EQG,26.785714285714285,83.35714285714286,29.0,2150000.0,26.3,23450000.0,24.8,85000000.0,25.4,157850000.0,25.6,2100000.0,25.6,5880000.0,24.9,16530000.0,25.5,38100000.0
145,Congo,Burkina Faso,2,1,CGO,BFA,2015,1,25,48,89,1,0,0,0,EQG,26.785714285714285,83.35714285714286,27.4,2150000.0,24.8,13800000.0,23.5,25850000.0,24.7,56700000.0,26.4,150000.0,26.0,4650000.0,26.0,11630000.0,25.9,29880000.0
146,Congo,Burkina Faso,2,1,CGO,BFA,2015,1,25,48,89,1,0,0,0,EQG,26.785714285714285,83.35714285714286,27.4,2150000.0,24.8,13800000.0,23.5,25850000.0,24.7,56700000.0,26.4,150000.0,26.0,4650000.0,26.0,11630000.0,25.9,29880000.0
147,Equatorial Guinea,Gabon,2,0,EQG,GAB,2015,1,25,69,76,0,0,1,0,EQG,26.785714285714285,83.35714285714286,22.8,200000.0,25.5,275000.0,25.8,3350000.0,25.8,4200000.0,29.2,1500000.0,23.8,7580000.0,22.7,20530000.0,24.0,38000000.0
148,Cape Verde,Zambia,0,0,CPV,ZAM,2015,1,26,39,73,0,1,0,0,EQG,26.785714285714285,83.35714285714286,24.1,475000.0,27.8,7900000.0,27.1,16350000.0,27.6,29480000.0,25.5,650000.0,23.4,2950000.0,24.1,4780000.0,23.8,9480000.0
149,DR Congo,Tunisia,1,1,COD,TUN,2015,1,26,60,40,2,1,0,0,EQG,26.785714285714285,83.35714285714286,27.4,2150000.0,24.8,13800000.0,23.5,25850000.0,24.7,56700000.0,26.5,2750000.0,24.6,18030000.0,25.9,21150000.0,25.6,54650000.0
150,Senegal,Algeria,0,2,SEN,ALG,2015,1,27,44,28,1,2,0,0,EQG,26.785714285714285,83.35714285714286,28.0,1850000.0,27.1,55000000.0,27.3,103400000.0,27.3,210350000.0,29.4,2450000.0,27.0,28200000.0,25.6,71100000.0,27.3,146250000.0
151,South Africa,Ghana,1,2,RSA,GHA,2015,1,27,72,33,1,4,0,0,EQG,26.785714285714285,83.35714285714286,28.0,3180000.0,26.6,8330000.0,26.4,5000000.0,26.4,36230000.0,29.5,1100000.0,25.5,24200000.0,25.5,49250000.0,25.6,101950000.0
152,Cameroon,Ivory Coast,0,1,CMR,CIV,2015,1,28,59,19,5,3,0,0,EQG,26.785714285714285,83.35714285714286,22.9,2600000.0,23.6,48550000.0,23.7,26200000.0,23.9,93600000.0,29.0,2150000.0,26.3,23450000.0,24.8,85000000.0,25.4,157850000.0
153,Cameroon,Ivory Coast,0,1,CMR,CIV,2015,1,28,59,19,5,3,0,0,EQG,26.785714285714285,83.35714285714286,22.9,2600000.0,23.6,48550000.0,23.7,26200000.0,23.9,93600000.0,29.0,2150000.0,26.3,23450000.0,24.8,85000000.0,25.4,157850000.0
154,Guinea,Mali,1,1,GUI,MLI,2015,1,28,50,62,0,0,0,0,EQG,26.785714285714285,83.35714285714286,26.4,400000.0,26.3,9700000.0,23.1,12500000.0,24.4,31430000.0,25.6,2100000.0,25.6,5880000.0,24.9,16530000.0,25.5,38100000.0
155,Congo,DR Congo,2,4,CGO,COD,2015,1,31,48,60,1,2,0,0,EQG,26.785714285714285,83.35714285714286,27.4,2150000.0,24.8,13800000.0,23.5,25850000.0,24.7,56700000.0,27.4,2150000.0,24.8,13800000.0,23.5,25850000.0,24.7,56700000.0
156,Congo,DR Congo,2,4,CGO,COD,2015,1,31,48,60,1,2,0,0,EQG,26.785714285714285,83.35714285714286,27.4,2150000.0,24.8,13800000.0,23.5,25850000.0,24.7,56700000.0,27.4,2150000.0,24.8,13800000.0,23.5,25850000.0,24.7,56700000.0
157,Equatorial Guinea,Tunisia,2,1,EQG,TUN,2015,1,31,69,40,0,1,1,0,EQG,26.785714285714285,83.35714285714286,22.8,200000.0,25.5,275000.0,25.8,3350000.0,25.8,4200000.0,26.5,2750000.0,24.6,18030000.0,25.9,21150000.0,25.6,54650000.0
158,Ghana,Guinea,3,0,GHA,GUI,2015,2,1,33,50,4,0,0,0,EQG,27.35714285714286,85.35714285714286,29.5,1100000.0,25.5,24200000.0,25.5,49250000.0,25.6,101950000.0,26.4,400000.0,26.3,9700000.0,23.1,12500000.0,24.4,31430000.0
159,Ivory Coast,Algeria,3,1,CIV,ALG,2015,2,1,19,28,3,2,0,0,EQG,27.35714285714286,85.35714285714286,29.0,2150000.0,26.3,23450000.0,24.8,85000000.0,25.4,157850000.0,29.4,2450000.0,27.0,28200000.0,25.6,71100000.0,27.3,146250000.0
160,Ivory Coast,Algeria,3,1,CIV,ALG,2015,2,1,19,28,3,2,0,0,EQG,27.35714285714286,85.35714285714286,29.0,2150000.0,26.3,23450000.0,24.8,85000000.0,25.4,157850000.0,29.4,2450000.0,27.0,28200000.0,25.6,71100000.0,27.3,146250000.0
161,DR Congo,Ivory Coast,1,3,COD,CIV,2015,2,4,60,19,2,3,0,0,EQG,27.35714285714286,85.35714285714286,27.4,2150000.0,24.8,13800000.0,23.5,25850000.0,24.7,56700000.0,29.0,2150000.0,26.3,23450000.0,24.8,85000000.0,25.4,157850000.0
162,DR Congo,Ivory Coast,1,3,COD,CIV,2015,2,4,60,19,2,3,0,0,EQG,27.35714285714286,85.35714285714286,27.4,2150000.0,24.8,13800000.0,23.5,25850000.0,24.7,56700000.0,29.0,2150000.0,26.3,23450000.0,24.8,85000000.0,25.4,157850000.0
163,Equatorial Guinea,Ghana,0,3,EQG,GHA,2015,2,5,69,33,0,4,1,0,EQG,27.35714285714286,85.35714285714286,22.8,200000.0,25.5,275000.0,25.8,3350000.0,25.8,4200000.0,29.5,1100000.0,25.5,24200000.0,25.5,49250000.0,25.6,101950000.0
164,Equatorial Guinea,DR Congo,0,0,EQG,COD,2015,2,7,69,60,0,2,1,0,EQG,27.35714285714286,85.35714285714286,22.8,200000.0,25.5,275000.0,25.8,3350000.0,25.8,4200000.0,27.4,2150000.0,24.8,13800000.0,23.5,25850000.0,24.7,56700000.0
165,Ivory Coast,Ghana,0,0,CIV,GHA,2015,2,8,19,33,3,4,0,0,EQG,27.35714285714286,85.35714285714286,29.0,2150000.0,26.3,23450000.0,24.8,85000000.0,25.4,157850000.0,29.5,1100000.0,25.5,24200000.0,25.5,49250000.0,25.6,101950000.0
166,Ivory Coast,Ghana,0,0,CIV,GHA,2015,2,8,19,33,3,4,0,0,EQG,27.35714285714286,85.35714285714286,29.0,2150000.0,26.3,23450000.0,24.8,85000000.0,25.4,157850000.0,29.5,1100000.0,25.5,24200000.0,25.5,49250000.0,25.6,101950000.0
167,Burkina Faso,Cameroon,1,1,BFA,CMR,2017,1,14,44,45,0,5,0,0,GAB,26.07857142857143,87.75,26.9,250000.0,24.1,3330000.0,23.0,11830000.0,23.9,29150000.0,23.6,1400000.0,24.6,15950000.0,24.0,35980000.0,24.4,58180000.0
168,Gabon,Guinea-Bissau,1,1,GAB,GNB,2017,1,14,93,86,0,0,1,0,GAB,26.07857142857143,87.75,30.9,750000.0,26.3,6130000.0,24.4,78080000.0,25.9,115550000.0,28.3,125000.0,27.0,2230000.0,27.7,2600000.0,27.1,10500000.0
169,Algeria,Zimbabwe,2,2,ALG,ZIM,2017,1,15,58,103,2,0,0,0,GAB,26.07857142857143,87.75,29.3,2900000.0,27.0,56150000.0,27.1,120700000.0,27.1,232250000.0,26.5,625000.0,28.0,2730000.0,27.9,8080000.0,27.7,22880000.0
170,Tunisia,Senegal,0,2,TUN,SEN,2017,1,15,27,23,1,1,0,0,GAB,26.07857142857143,87.75,29.1,2400000.0,26.1,19130000.0,26.5,22180000.0,26.1,52300000.0,25.4,3450000.0,25.2,49250000.0,24.4,106400000.0,25.5,217850000.0
171,DR Congo,Morocco,1,0,COD,MAR,2017,1,16,39,40,2,1,0,0,GAB,26.07857142857143,87.75,30.0,850000.0,25.6,26900000.0,26.5,60250000.0,26.8,100650000.0,25.2,2100000.0,25.3,30230000.0,25.4,35050000.0,25.4,117130000.0
172,Ivory Coast,Togo,0,0,CIV,TOG,2017,1,16,61,122,3,0,0,0,GAB,26.07857142857143,87.75,27.0,1100000.0,24.5,57700000.0,26.3,90200000.0,25.2,181900000.0,28.0,,26.9,16150000.0,27.1,20150000.0,26.9,38830000.0
173,Ivory Coast,Togo,0,0,CIV,TOG,2017,1,16,61,122,3,0,0,0,GAB,26.07857142857143,87.75,27.0,1100000.0,24.5,57700000.0,26.3,90200000.0,25.2,181900000.0,28.0,,26.9,16150000.0,27.1,20150000.0,26.9,38830000.0
174,Ghana,Uganda,1,0,GHA,UGA,2017,1,17,50,75,4,0,0,0,GAB,26.07857142857143,87.75,27.6,1450000.0,26.2,32600000.0,25.4,57600000.0,25.6,154450000.0,25.9,600000.0,23.9,50000.0,23.3,1180000.0,23.7,3780000.0
175,Mali,Egypt,0,0,MLI,EGY,2017,1,17,72,31,0,7,0,0,GAB,26.07857142857143,87.75,28.1,300000.0,25.2,17800000.0,25.7,40150000.0,25.6,115880000.0,31.5,3900000.0,26.8,13600000.0,24.7,40800000.0,26.5,74900000.0
176,Cameroon,Guinea-Bissau,2,1,CMR,GNB,2017,1,18,45,86,5,0,0,0,GAB,26.07857142857143,87.75,23.6,1400000.0,24.6,15950000.0,24.0,35980000.0,24.4,58180000.0,28.3,125000.0,27.0,2230000.0,27.7,2600000.0,27.1,10500000.0
177,Gabon,Burkina Faso,1,1,GAB,BFA,2017,1,18,93,44,0,0,1,0,GAB,26.07857142857143,87.75,30.9,750000.0,26.3,6130000.0,24.4,78080000.0,25.9,115550000.0,26.9,250000.0,24.1,3330000.0,23.0,11830000.0,23.9,29150000.0
178,Algeria,Tunisia,1,2,ALG,TUN,2017,1,19,58,27,2,1,0,0,GAB,26.07857142857143,87.75,29.3,2900000.0,27.0,56150000.0,27.1,120700000.0,27.1,232250000.0,29.1,2400000.0,26.1,19130000.0,26.5,22180000.0,26.1,52300000.0
179,Senegal,Zimbabwe,2,0,SEN,ZIM,2017,1,19,23,103,1,0,0,0,GAB,26.07857142857143,87.75,25.4,3450000.0,25.2,49250000.0,24.4,106400000.0,25.5,217850000.0,26.5,625000.0,28.0,2730000.0,27.9,8080000.0,27.7,22880000.0
180,Ivory Coast,DR Congo,2,2,CIV,COD,2017,1,20,61,39,3,2,0,0,GAB,26.07857142857143,87.75,27.0,1100000.0,24.5,57700000.0,26.3,90200000.0,25.2,181900000.0,30.0,850000.0,25.6,26900000.0,26.5,60250000.0,26.8,100650000.0
181,Ivory Coast,DR Congo,2,2,CIV,COD,2017,1,20,61,39,3,2,0,0,GAB,26.07857142857143,87.75,27.0,1100000.0,24.5,57700000.0,26.3,90200000.0,25.2,181900000.0,30.0,850000.0,25.6,26900000.0,26.5,60250000.0,26.8,100650000.0
182,Morocco,Togo,3,1,MAR,TOG,2017,1,20,40,122,1,0,0,0,GAB,26.07857142857143,87.75,25.2,2100000.0,25.3,30230000.0,25.4,35050000.0,25.4,117130000.0,28.0,,26.9,16150000.0,27.1,20150000.0,26.9,38830000.0
183,Egypt,Uganda,1,0,EGY,UGA,2017,1,21,31,75,7,0,0,0,GAB,26.07857142857143,87.75,31.5,3900000.0,26.8,13600000.0,24.7,40800000.0,26.5,74900000.0,25.9,600000.0,23.9,50000.0,23.3,1180000.0,23.7,3780000.0
184,Ghana,Mali,1,0,GHA,MLI,2017,1,21,50,72,4,0,0,0,GAB,26.07857142857143,87.75,27.6,1450000.0,26.2,32600000.0,25.4,57600000.0,25.6,154450000.0,28.1,300000.0,25.2,17800000.0,25.7,40150000.0,25.6,115880000.0
185,Gabon,Cameroon,0,0,GAB,CMR,2017,1,22,93,45,0,5,1,0,GAB,26.07857142857143,87.75,30.9,750000.0,26.3,6130000.0,24.4,78080000.0,25.9,115550000.0,23.6,1400000.0,24.6,15950000.0,24.0,35980000.0,24.4,58180000.0
186,Guinea-Bissau,Burkina Faso,0,2,GNB,BFA,2017,1,22,86,44,0,0,0,0,GAB,26.07857142857143,87.75,28.3,125000.0,27.0,2230000.0,27.7,2600000.0,27.1,10500000.0,26.9,250000.0,24.1,3330000.0,23.0,11830000.0,23.9,29150000.0
187,Senegal,Algeria,2,2,SEN,ALG,2017,1,23,23,58,1,2,0,0,GAB,26.07857142857143,87.75,25.4,3450000.0,25.2,49250000.0,24.4,106400000.0,25.5,217850000.0,29.3,2900000.0,27.0,56150000.0,27.1,120700000.0,27.1,232250000.0
188,Zimbabwe,Tunisia,2,4,ZIM,TUN,2017,1,23,103,27,0,1,0,0,GAB,26.07857142857143,87.75,26.5,625000.0,28.0,2730000.0,27.9,8080000.0,27.7,22880000.0,29.1,2400000.0,26.1,19130000.0,26.5,22180000.0,26.1,52300000.0
189,Morocco,Ivory Coast,1,0,MAR,CIV,2017,1,24,40,61,1,3,0,0,GAB,26.07857142857143,87.75,25.2,2100000.0,25.3,30230000.0,25.4,35050000.0,25.4,117130000.0,27.0,1100000.0,24.5,57700000.0,26.3,90200000.0,25.2,181900000.0
190,Morocco,Ivory Coast,1,0,MAR,CIV,2017,1,24,40,61,1,3,0,0,GAB,26.07857142857143,87.75,25.2,2100000.0,25.3,30230000.0,25.4,35050000.0,25.4,117130000.0,27.0,1100000.0,24.5,57700000.0,26.3,90200000.0,25.2,181900000.0
191,Togo,DR Congo,1,3,TOG,COD,2017,1,24,122,39,0,2,0,0,GAB,26.07857142857143,87.75,28.0,,26.9,16150000.0,27.1,20150000.0,26.9,38830000.0,30.0,850000.0,25.6,26900000.0,26.5,60250000.0,26.8,100650000.0
192,Egypt,Ghana,1,0,EGY,GHA,2017,1,25,31,50,7,4,0,0,GAB,26.07857142857143,87.75,31.5,3900000.0,26.8,13600000.0,24.7,40800000.0,26.5,74900000.0,27.6,1450000.0,26.2,32600000.0,25.4,57600000.0,25.6,154450000.0
193,Uganda,Mali,1,1,UGA,MLI,2017,1,25,75,72,0,0,0,0,GAB,26.07857142857143,87.75,25.9,600000.0,23.9,50000.0,23.3,1180000.0,23.7,3780000.0,28.1,300000.0,25.2,17800000.0,25.7,40150000.0,25.6,115880000.0
194,Burkina Faso,Tunisia,2,0,BFA,TUN,2017,1,28,44,27,0,1,0,0,GAB,26.07857142857143,87.75,26.9,250000.0,24.1,3330000.0,23.0,11830000.0,23.9,29150000.0,29.1,2400000.0,26.1,19130000.0,26.5,22180000.0,26.1,52300000.0
195,Senegal,Cameroon,0,0,SEN,CMR,2017,1,28,23,45,1,5,0,0,GAB,26.07857142857143,87.75,25.4,3450000.0,25.2,49250000.0,24.4,106400000.0,25.5,217850000.0,23.6,1400000.0,24.6,15950000.0,24.0,35980000.0,24.4,58180000.0
196,DR Congo,Ghana,1,2,COD,GHA,2017,1,29,39,50,2,4,0,0,GAB,26.07857142857143,87.75,30.0,850000.0,25.6,26900000.0,26.5,60250000.0,26.8,100650000.0,27.6,1450000.0,26.2,32600000.0,25.4,57600000.0,25.6,154450000.0
197,Egypt,Morocco,1,0,EGY,MAR,2017,1,29,31,40,7,1,0,0,GAB,26.07857142857143,87.75,31.5,3900000.0,26.8,13600000.0,24.7,40800000.0,26.5,74900000.0,25.2,2100000.0,25.3,30230000.0,25.4,35050000.0,25.4,117130000.0
198,Burkina Faso,Egypt,1,1,BFA,EGY,2017,2,1,44,31,0,7,0,0,GAB,26.482142857142858,86.75,26.9,250000.0,24.1,3330000.0,23.0,11830000.0,23.9,29150000.0,31.5,3900000.0,26.8,13600000.0,24.7,40800000.0,26.5,74900000.0
199,Cameroon,Ghana,2,0,CMR,GHA,2017,2,2,45,50,5,4,0,0,GAB,26.482142857142858,86.75,23.6,1400000.0,24.6,15950000.0,24.0,35980000.0,24.4,58180000.0,27.6,1450000.0,26.2,32600000.0,25.4,57600000.0,25.6,154450000.0
200,Burkina Faso,Ghana,1,0,BFA,GHA,2017,2,4,44,50,0,4,0,0,GAB,26.482142857142858,86.75,26.9,250000.0,24.1,3330000.0,23.0,11830000.0,23.9,29150000.0,27.6,1450000.0,26.2,32600000.0,25.4,57600000.0,25.6,154450000.0
201,Egypt,Cameroon,1,2,EGY,CMR,2017,2,5,31,45,7,5,0,0,GAB,26.482142857142858,86.75,31.5,3900000.0,26.8,13600000.0,24.7,40800000.0,26.5,74900000.0,23.6,1400000.0,24.6,15950000.0,24.0,35980000.0,24.4,58180000.0
202,Egypt,Zimbabwe,1,0,EGY,ZIM,2019,6,21,51,111,7,0,1,0,EGY,29.803571428571423,43.96428571428572,30.5,4780000.0,27.5,14580000.0,27.6,139550000.0,27.8,170950000.0,29.6,1030000.0,27.3,2200000.0,27.3,11600000.0,27.7,25330000.0
203,DR Congo,Uganda,0,2,COD,UGA,2019,6,22,56,77,2,0,0,0,EGY,29.803571428571423,43.96428571428572,26.2,1350000.0,26.2,26080000.0,25.5,31900000.0,26.1,74750000.0,28.5,900000.0,25.3,1530000.0,25.0,2180000.0,25.6,7800000.0
204,Nigeria,Burundi,1,0,NGA,BDI,2019,6,22,31,151,3,0,0,0,EGY,29.803571428571423,43.96428571428572,27.1,1430000.0,25.7,26650000.0,24.0,160100000.0,25.5,237830000.0,24.3,,24.5,475000.0,25.1,4200000.0,25.3,6330000.0
205,Nigeria,Burundi,1,0,NGA,BDI,2019,6,22,31,151,3,0,0,0,EGY,29.803571428571423,43.96428571428572,27.1,1430000.0,25.7,26650000.0,24.0,160100000.0,25.5,237830000.0,24.3,,24.5,475000.0,25.1,4200000.0,25.3,6330000.0
206,Guinea,Madagascar,2,2,GUI,MAD,2019,6,22,74,91,0,0,0,0,EGY,29.803571428571423,43.96428571428572,29.1,750000.0,28.3,12680000.0,26.4,15880000.0,27.1,94450000.0,27.6,125000.0,31.2,3130000.0,28.3,1850000.0,29.1,13630000.0
207,Senegal,Tanzania,2,0,SEN,TAN,2019,6,23,20,134,1,0,0,0,EGY,29.803571428571423,43.96428571428572,26.1,9900000.0,26.3,89050000.0,25.8,221000000.0,26.8,369230000.0,26.0,250000.0,28.3,600000.0,26.0,10730000.0,26.5,12080000.0
208,Algeria,Kenya,2,0,ALG,KEN,2019,6,23,35,106,2,0,0,0,EGY,29.803571428571423,43.96428571428572,31.5,2850000.0,27.3,59500000.0,27.4,113000000.0,27.7,211880000.0,26.7,200000.0,26.4,1750000.0,26.4,2030000.0,26.6,11230000.0
209,Morocco,Namibia,1,0,MAR,NAM,2019,6,23,43,117,1,0,0,0,EGY,29.803571428571423,43.96428571428572,30.3,7530000.0,28.3,92350000.0,28.1,89600000.0,28.5,267580000.0,30.1,550000.0,28.3,2380000.0,27.7,1280000.0,28.1,5100000.0
210,Ivory Coast,South Africa,1,0,CIV,RSA,2019,6,24,61,71,3,1,0,0,EGY,29.803571428571423,43.96428571428572,30.1,1130000.0,27.4,74550000.0,26.9,147200000.0,27.6,279630000.0,27.7,1850000.0,29.0,10100000.0,28.0,11130000.0,28.8,34150000.0
211,Ivory Coast,South Africa,1,0,CIV,RSA,2019,6,24,61,71,3,1,0,0,EGY,29.803571428571423,43.96428571428572,30.1,1130000.0,27.4,74550000.0,26.9,147200000.0,27.6,279630000.0,27.7,1850000.0,29.0,10100000.0,28.0,11130000.0,28.8,34150000.0
212,Tunisia,Angola,1,1,TUN,ANG,2019,6,24,27,124,1,0,0,0,EGY,29.803571428571423,43.96428571428572,29.2,3750000.0,27.5,20200000.0,26.5,24530000.0,26.5,71280000.0,29.7,500000.0,26.8,8250000.0,27.6,7980000.0,27.3,19350000.0
213,Mali,Mauritania,4,1,MLI,MTN,2019,6,24,56,100,0,0,0,0,EGY,29.803571428571423,43.96428571428572,29.1,2850000.0,26.2,23300000.0,25.8,46800000.0,25.9,109100000.0,27.3,150000.0,24.8,2030000.0,26.0,1080000.0,25.9,5000000.0
214,Cameroon,Guinea-Bissau,2,0,CMR,GNB,2019,6,25,53,118,5,0,0,0,EGY,29.803571428571423,43.96428571428572,26.7,36550000.0,27.4,26500000.0,27.0,52330000.0,26.6,149580000.0,25.4,350000.0,27.1,2480000.0,26.9,6730000.0,26.5,14480000.0
215,Ghana,Benin,2,2,GHA,BEN,2019,6,25,47,84,4,0,0,0,EGY,29.803571428571423,43.96428571428572,24.9,1000000.0,26.9,22980000.0,26.7,34730000.0,26.9,137300000.0,25.0,875000.0,26.3,3050000.0,27.4,9080000.0,26.4,15430000.0
216,Uganda,Zimbabwe,1,1,UGA,ZIM,2019,6,26,77,111,0,0,0,0,EGY,29.803571428571423,43.96428571428572,28.5,900000.0,25.3,1530000.0,25.0,2180000.0,25.6,7800000.0,29.6,1030000.0,27.3,2200000.0,27.3,11600000.0,27.7,25330000.0
217,Egypt,DR Congo,2,0,EGY,COD,2019,6,26,51,56,7,2,1,0,EGY,29.803571428571423,43.96428571428572,30.5,4780000.0,27.5,14580000.0,27.6,139550000.0,27.8,170950000.0,26.2,1350000.0,26.2,26080000.0,25.5,31900000.0,26.1,74750000.0
218,Nigeria,Guinea,1,0,NGA,GUI,2019,6,26,31,74,3,0,0,0,EGY,29.803571428571423,43.96428571428572,27.1,1430000.0,25.7,26650000.0,24.0,160100000.0,25.5,237830000.0,29.1,750000.0,28.3,12680000.0,26.4,15880000.0,27.1,94450000.0
219,Nigeria,Guinea,1,0,NGA,GUI,2019,6,26,31,74,3,0,0,0,EGY,29.803571428571423,43.96428571428572,27.1,1430000.0,25.7,26650000.0,24.0,160100000.0,25.5,237830000.0,29.1,750000.0,28.3,12680000.0,26.4,15880000.0,27.1,94450000.0
220,Madagascar,Burundi,1,0,MAD,BDI,2019,6,27,91,151,0,0,0,0,EGY,29.803571428571423,43.96428571428572,27.6,125000.0,31.2,3130000.0,28.3,1850000.0,29.1,13630000.0,24.3,,24.5,475000.0,25.1,4200000.0,25.3,6330000.0
221,Senegal,Algeria,0,1,SEN,ALG,2019,6,27,20,35,1,2,0,0,EGY,29.803571428571423,43.96428571428572,26.1,9900000.0,26.3,89050000.0,25.8,221000000.0,26.8,369230000.0,31.5,2850000.0,27.3,59500000.0,27.4,113000000.0,27.7,211880000.0
222,Kenya,Tanzania,3,2,KEN,TAN,2019,6,27,106,134,0,0,0,0,EGY,29.803571428571423,43.96428571428572,26.7,200000.0,26.4,1750000.0,26.4,2030000.0,26.6,11230000.0,26.0,250000.0,28.3,600000.0,26.0,10730000.0,26.5,12080000.0
223,Morocco,Ivory Coast,1,0,MAR,CIV,2019,6,28,43,61,1,3,0,0,EGY,29.803571428571423,43.96428571428572,30.3,7530000.0,28.3,92350000.0,28.1,89600000.0,28.5,267580000.0,30.1,1130000.0,27.4,74550000.0,26.9,147200000.0,27.6,279630000.0
224,Morocco,Ivory Coast,1,0,MAR,CIV,2019,6,28,43,61,1,3,0,0,EGY,29.803571428571423,43.96428571428572,30.3,7530000.0,28.3,92350000.0,28.1,89600000.0,28.5,267580000.0,30.1,1130000.0,27.4,74550000.0,26.9,147200000.0,27.6,279630000.0
225,South Africa,Namibia,1,0,RSA,NAM,2019,6,28,71,117,1,0,0,0,EGY,29.803571428571423,43.96428571428572,27.7,1850000.0,29.0,10100000.0,28.0,11130000.0,28.8,34150000.0,30.1,550000.0,28.3,2380000.0,27.7,1280000.0,28.1,5100000.0
226,Tunisia,Mali,1,1,TUN,MLI,2019,6,28,27,56,1,0,0,0,EGY,29.803571428571423,43.96428571428572,29.2,3750000.0,27.5,20200000.0,26.5,24530000.0,26.5,71280000.0,29.1,2850000.0,26.2,23300000.0,25.8,46800000.0,25.9,109100000.0
227,Mauritania,Angola,0,0,MTN,ANG,2019,6,29,100,124,0,0,0,0,EGY,29.803571428571423,43.96428571428572,27.3,150000.0,24.8,2030000.0,26.0,1080000.0,25.9,5000000.0,29.7,500000.0,26.8,8250000.0,27.6,7980000.0,27.3,19350000.0
228,Cameroon,Ghana,0,0,CMR,GHA,2019,6,29,53,47,5,4,0,0,EGY,29.803571428571423,43.96428571428572,26.7,36550000.0,27.4,26500000.0,27.0,52330000.0,26.6,149580000.0,24.9,1000000.0,26.9,22980000.0,26.7,34730000.0,26.9,137300000.0
229,Benin,Guinea-Bissau,0,0,BEN,GNB,2019,6,29,84,118,0,0,0,0,EGY,29.803571428571423,43.96428571428572,25.0,875000.0,26.3,3050000.0,27.4,9080000.0,26.4,15430000.0,25.4,350000.0,27.1,2480000.0,26.9,6730000.0,26.5,14480000.0
230,Egypt,Uganda,2,0,EGY,UGA,2019,6,30,51,77,7,0,1,0,EGY,29.803571428571423,43.96428571428572,30.5,4780000.0,27.5,14580000.0,27.6,139550000.0,27.8,170950000.0,28.5,900000.0,25.3,1530000.0,25.0,2180000.0,25.6,7800000.0
231,Zimbabwe,DR Congo,0,4,ZIM,COD,2019,6,30,111,56,0,2,0,0,EGY,29.803571428571423,43.96428571428572,29.6,1030000.0,27.3,2200000.0,27.3,11600000.0,27.7,25330000.0,26.2,1350000.0,26.2,26080000.0,25.5,31900000.0,26.1,74750000.0
232,Burundi,Guinea,0,2,BDI,GUI,2019,6,30,151,74,0,0,0,0,EGY,29.803571428571423,43.96428571428572,24.3,,24.5,475000.0,25.1,4200000.0,25.3,6330000.0,29.1,750000.0,28.3,12680000.0,26.4,15880000.0,27.1,94450000.0
233,Madagascar,Nigeria,2,0,MAD,NGA,2019,6,30,91,31,0,3,0,0,EGY,29.803571428571423,43.96428571428572,27.6,125000.0,31.2,3130000.0,28.3,1850000.0,29.1,13630000.0,27.1,1430000.0,25.7,26650000.0,24.0,160100000.0,25.5,237830000.0
234,Madagascar,Nigeria,2,0,MAD,NGA,2019,6,30,91,31,0,3,0,0,EGY,29.803571428571423,43.96428571428572,27.6,125000.0,31.2,3130000.0,28.3,1850000.0,29.1,13630000.0,27.1,1430000.0,25.7,26650000.0,24.0,160100000.0,25.5,237830000.0
235,Kenya,Senegal,0,3,KEN,SEN,2019,7,1,106,20,0,1,0,0,EGY,31.010714285714283,44.10714285714285,26.7,200000.0,26.4,1750000.0,26.4,2030000.0,26.6,11230000.0,26.1,9900000.0,26.3,89050000.0,25.8,221000000.0,26.8,369230000.0
236,Tanzania,Algeria,0,3,TAN,ALG,2019,7,1,134,35,0,2,0,0,EGY,31.010714285714283,44.10714285714285,26.0,250000.0,28.3,600000.0,26.0,10730000.0,26.5,12080000.0,31.5,2850000.0,27.3,59500000.0,27.4,113000000.0,27.7,211880000.0
237,Namibia,Ivory Coast,1,4,NAM,CIV,2019,7,1,117,61,0,3,0,0,EGY,31.010714285714283,44.10714285714285,30.1,550000.0,28.3,2380000.0,27.7,1280000.0,28.1,5100000.0,30.1,1130000.0,27.4,74550000.0,26.9,147200000.0,27.6,279630000.0
238,Namibia,Ivory Coast,1,4,NAM,CIV,2019,7,1,117,61,0,3,0,0,EGY,31.010714285714283,44.10714285714285,30.1,550000.0,28.3,2380000.0,27.7,1280000.0,28.1,5100000.0,30.1,1130000.0,27.4,74550000.0,26.9,147200000.0,27.6,279630000.0
239,South Africa,Morocco,0,1,RSA,MAR,2019,7,1,71,43,1,1,0,0,EGY,31.010714285714283,44.10714285714285,27.7,1850000.0,29.0,10100000.0,28.0,11130000.0,28.8,34150000.0,30.3,7530000.0,28.3,92350000.0,28.1,89600000.0,28.5,267580000.0
240,Angola,Mali,0,1,ANG,MLI,2019,7,2,124,56,0,0,0,0,EGY,31.010714285714283,44.10714285714285,29.7,500000.0,26.8,8250000.0,27.6,7980000.0,27.3,19350000.0,29.1,2850000.0,26.2,23300000.0,25.8,46800000.0,25.9,109100000.0
241,Mauritania,Tunisia,0,0,MTN,TUN,2019,7,2,100,27,0,1,0,0,EGY,31.010714285714283,44.10714285714285,27.3,150000.0,24.8,2030000.0,26.0,1080000.0,25.9,5000000.0,29.2,3750000.0,27.5,20200000.0,26.5,24530000.0,26.5,71280000.0
242,Benin,Cameroon,0,0,BEN,CMR,2019,7,2,84,53,0,5,0,0,EGY,31.010714285714283,44.10714285714285,25.0,875000.0,26.3,3050000.0,27.4,9080000.0,26.4,15430000.0,26.7,36550000.0,27.4,26500000.0,27.0,52330000.0,26.6,149580000.0
243,Guinea-Bissau,Ghana,0,2,GNB,GHA,2019,7,2,118,47,0,4,0,0,EGY,31.010714285714283,44.10714285714285,25.4,350000.0,27.1,2480000.0,26.9,6730000.0,26.5,14480000.0,24.9,1000000.0,26.9,22980000.0,26.7,34730000.0,26.9,137300000.0
244,Morocco,Benin,1,1,MAR,BEN,2019,7,5,43,84,1,0,0,0,EGY,31.010714285714283,44.10714285714285,30.3,7530000.0,28.3,92350000.0,28.1,89600000.0,28.5,267580000.0,25.0,875000.0,26.3,3050000.0,27.4,9080000.0,26.4,15430000.0
245,Uganda,Senegal,0,1,UGA,SEN,2019,7,5,77,20,0,1,0,0,EGY,31.010714285714283,44.10714285714285,28.5,900000.0,25.3,1530000.0,25.0,2180000.0,25.6,7800000.0,26.1,9900000.0,26.3,89050000.0,25.8,221000000.0,26.8,369230000.0
246,Egypt,South Africa,0,1,EGY,RSA,2019,7,6,51,71,7,1,1,0,EGY,31.010714285714283,44.10714285714285,30.5,4780000.0,27.5,14580000.0,27.6,139550000.0,27.8,170950000.0,27.7,1850000.0,29.0,10100000.0,28.0,11130000.0,28.8,34150000.0
247,Nigeria,Cameroon,3,2,NGA,CMR,2019,7,6,31,53,3,5,0,0,EGY,31.010714285714283,44.10714285714285,27.1,1430000.0,25.7,26650000.0,24.0,160100000.0,25.5,237830000.0,26.7,36550000.0,27.4,26500000.0,27.0,52330000.0,26.6,149580000.0
248,Nigeria,Cameroon,3,2,NGA,CMR,2019,7,6,31,53,3,5,0,0,EGY,31.010714285714283,44.10714285714285,27.1,1430000.0,25.7,26650000.0,24.0,160100000.0,25.5,237830000.0,26.7,36550000.0,27.4,26500000.0,27.0,52330000.0,26.6,149580000.0
249,Algeria,Guinea,3,0,ALG,GUI,2019,7,7,35,74,2,0,0,0,EGY,31.010714285714283,44.10714285714285,31.5,2850000.0,27.3,59500000.0,27.4,113000000.0,27.7,211880000.0,29.1,750000.0,28.3,12680000.0,26.4,15880000.0,27.1,94450000.0
250,Madagascar,DR Congo,2,2,MAD,COD,2019,7,7,91,56,0,2,0,0,EGY,31.010714285714283,44.10714285714285,27.6,125000.0,31.2,3130000.0,28.3,1850000.0,29.1,13630000.0,26.2,1350000.0,26.2,26080000.0,25.5,31900000.0,26.1,74750000.0
251,Ghana,Tunisia,1,1,GHA,TUN,2019,7,8,47,27,4,1,0,0,EGY,31.010714285714283,44.10714285714285,24.9,1000000.0,26.9,22980000.0,26.7,34730000.0,26.9,137300000.0,29.2,3750000.0,27.5,20200000.0,26.5,24530000.0,26.5,71280000.0
252,Mali,Ivory Coast,0,1,MLI,CIV,2019,7,8,56,61,0,3,0,0,EGY,31.010714285714283,44.10714285714285,29.1,2850000.0,26.2,23300000.0,25.8,46800000.0,25.9,109100000.0,30.1,1130000.0,27.4,74550000.0,26.9,147200000.0,27.6,279630000.0
253,Mali,Ivory Coast,0,1,MLI,CIV,2019,7,8,56,61,0,3,0,0,EGY,31.010714285714283,44.10714285714285,29.1,2850000.0,26.2,23300000.0,25.8,46800000.0,25.9,109100000.0,30.1,1130000.0,27.4,74550000.0,26.9,147200000.0,27.6,279630000.0
254,Nigeria,South Africa,2,1,NGA,RSA,2019,7,10,31,71,3,1,0,0,EGY,31.010714285714283,44.10714285714285,27.1,1430000.0,25.7,26650000.0,24.0,160100000.0,25.5,237830000.0,27.7,1850000.0,29.0,10100000.0,28.0,11130000.0,28.8,34150000.0
255,Nigeria,South Africa,2,1,NGA,RSA,2019,7,10,31,71,3,1,0,0,EGY,31.010714285714283,44.10714285714285,27.1,1430000.0,25.7,26650000.0,24.0,160100000.0,25.5,237830000.0,27.7,1850000.0,29.0,10100000.0,28.0,11130000.0,28.8,34150000.0
256,Senegal,Benin,1,0,SEN,BEN,2019,7,10,20,84,1,0,0,0,EGY,31.010714285714283,44.10714285714285,26.1,9900000.0,26.3,89050000.0,25.8,221000000.0,26.8,369230000.0,25.0,875000.0,26.3,3050000.0,27.4,9080000.0,26.4,15430000.0
257,Ivory Coast,Algeria,1,1,CIV,ALG,2019,7,11,61,35,3,2,0,0,EGY,31.010714285714283,44.10714285714285,30.1,1130000.0,27.4,74550000.0,26.9,147200000.0,27.6,279630000.0,31.5,2850000.0,27.3,59500000.0,27.4,113000000.0,27.7,211880000.0
258,Ivory Coast,Algeria,1,1,CIV,ALG,2019,7,11,61,35,3,2,0,0,EGY,31.010714285714283,44.10714285714285,30.1,1130000.0,27.4,74550000.0,26.9,147200000.0,27.6,279630000.0,31.5,2850000.0,27.3,59500000.0,27.4,113000000.0,27.7,211880000.0
259,Madagascar,Tunisia,0,3,MAD,TUN,2019,7,11,91,27,0,1,0,0,EGY,31.010714285714283,44.10714285714285,27.6,125000.0,31.2,3130000.0,28.3,1850000.0,29.1,13630000.0,29.2,3750000.0,27.5,20200000.0,26.5,24530000.0,26.5,71280000.0
260,Algeria,Nigeria,2,1,ALG,NGA,2019,7,14,35,31,2,3,0,0,EGY,31.010714285714283,44.10714285714285,31.5,2850000.0,27.3,59500000.0,27.4,113000000.0,27.7,211880000.0,27.1,1430000.0,25.7,26650000.0,24.0,160100000.0,25.5,237830000.0
261,Algeria,Nigeria,2,1,ALG,NGA,2019,7,14,35,31,2,3,0,0,EGY,31.010714285714283,44.10714285714285,31.5,2850000.0,27.3,59500000.0,27.4,113000000.0,27.7,211880000.0,27.1,1430000.0,25.7,26650000.0,24.0,160100000.0,25.5,237830000.0
262,Senegal,Tunisia,1,0,SEN,TUN,2019,7,14,20,27,1,1,0,0,EGY,31.010714285714283,44.10714285714285,26.1,9900000.0,26.3,89050000.0,25.8,221000000.0,26.8,369230000.0,29.2,3750000.0,27.5,20200000.0,26.5,24530000.0,26.5,71280000.0
263,Tunisia,Nigeria,0,1,TUN,NGA,2019,7,17,27,31,1,3,0,0,EGY,31.010714285714283,44.10714285714285,29.2,3750000.0,27.5,20200000.0,26.5,24530000.0,26.5,71280000.0,27.1,1430000.0,25.7,26650000.0,24.0,160100000.0,25.5,237830000.0
264,Tunisia,Nigeria,0,1,TUN,NGA,2019,7,17,27,31,1,3,0,0,EGY,31.010714285714283,44.10714285714285,29.2,3750000.0,27.5,20200000.0,26.5,24530000.0,26.5,71280000.0,27.1,1430000.0,25.7,26650000.0,24.0,160100000.0,25.5,237830000.0
265,Senegal,Algeria,0,1,SEN,ALG,2019,7,19,20,35,1,2,0,0,EGY,31.010714285714283,44.10714285714285,26.1,9900000.0,26.3,89050000.0,25.8,221000000.0,26.8,369230000.0,31.5,2850000.0,27.3,59500000.0,27.4,113000000.0,27.7,211880000.0
266,Cameroon,Burkina Faso,2,1,CMR,BFA,2022,1,9,33,50,5,0,1,0,CMR,24.435714285714283,70.85714285714286,24.9,18150000.0,24.8,31850000.0,25.2,82280000.0,24.9,189100000.0,26.2,2930000.0,25.5,48250000.0,22.6,26200000.0,24.8,82550000.0
267,Ethiopia,Cape Verde,0,1,ETH,CPV,2022,1,9,138,72,1,0,0,0,CMR,24.435714285714283,70.85714285714286,27.0,325000.0,25.2,825000.0,24.0,950000.0,25.5,3000000.0,27.1,625000.0,27.5,4850000.0,25.4,25400000.0,26.6,38480000.0
268,Senegal,Zimbabwe,1,0,SEN,ZIM,2022,1,10,19,125,1,0,0,0,CMR,24.435714285714283,70.85714285714286,27.0,42300000.0,26.5,118000000.0,24.9,170000000.0,26.2,389500000.0,29.3,250000.0,28.7,4780000.0,26.4,9450000.0,28.6,15680000.0
269,Guinea,Malawi,1,0,GUI,MWI,2022,1,10,83,124,0,0,0,0,CMR,24.435714285714283,70.85714285714286,24.8,550000.0,25.6,20180000.0,24.8,26000000.0,24.9,114530000.0,24.2,175000.0,25.0,1350000.0,26.4,2150000.0,25.6,4950000.0
270,Morocco,Ghana,1,0,MAR,GHA,2022,1,10,11,58,1,4,0,0,CMR,24.435714285714283,70.85714285714286,30.6,18900000.0,26.2,120450000.0,25.3,100900000.0,26.4,308350000.0,24.7,3680000.0,25.5,59430000.0,24.2,97750000.0,24.8,215580000.0
271,Comoros,Gabon,0,1,COM,GAB,2022,1,10,129,79,0,0,0,0,CMR,24.435714285714283,70.85714285714286,26.2,300000.0,25.9,3580000.0,26.6,5400000.0,26.3,12780000.0,26.8,300000.0,26.3,3950000.0,25.2,33280000.0,26.4,54180000.0
272,Nigeria,Egypt,1,0,NGA,EGY,2022,1,11,35,39,3,7,0,0,CMR,24.435714285714283,70.85714285714286,24.2,2750000.0,23.9,43080000.0,23.8,248080000.0,23.8,382500000.0,28.6,5900000.0,27.4,17100000.0,25.7,132850000.0,27.2,180500000.0
273,Nigeria,Egypt,1,0,NGA,EGY,2022,1,11,35,39,3,7,0,0,CMR,24.435714285714283,70.85714285714286,24.2,2750000.0,23.9,43080000.0,23.8,248080000.0,23.8,382500000.0,28.6,5900000.0,27.4,17100000.0,25.7,132850000.0,27.2,180500000.0
274,Sudan,Guinea-Bissau,0,0,SDN,GNB,2022,1,11,128,118,1,0,0,0,CMR,24.435714285714283,70.85714285714286,27.3,375000.0,26.4,825000.0,24.5,875000.0,25.7,3100000.0,23.5,400000.0,25.7,5630000.0,26.2,10400000.0,25.5,27400000.0
275,Algeria,Sierra Leone,0,0,ALG,SLE,2022,1,11,40,116,2,0,0,0,CMR,24.435714285714283,70.85714285714286,30.6,2700000.0,27.1,53500000.0,28.1,122400000.0,27.6,233300000.0,22.6,225000.0,24.6,6100000.0,24.4,6130000.0,24.1,13300000.0
276,Equatorial Guinea,Ivory Coast,0,1,EQG,CIV,2022,1,12,98,47,0,3,0,0,CMR,24.435714285714283,70.85714285714286,24.3,375000.0,24.9,1650000.0,25.0,2180000.0,24.7,10400000.0,26.8,700000.0,25.9,103200000.0,24.8,168300000.0,25.8,361100000.0
277,Equatorial Guinea,Ivory Coast,0,1,EQG,CIV,2022,1,12,98,47,0,3,0,0,CMR,24.435714285714283,70.85714285714286,24.3,375000.0,24.9,1650000.0,25.0,2180000.0,24.7,10400000.0,26.8,700000.0,25.9,103200000.0,24.8,168300000.0,25.8,361100000.0
278,Tunisia,Mali,0,1,TUN,MLI,2022,1,12,30,45,1,0,0,0,CMR,24.435714285714283,70.85714285714286,29.2,3800000.0,26.1,21980000.0,28.8,17550000.0,26.5,79080000.0,26.8,1200000.0,25.2,34500000.0,25.5,37980000.0,25.1,205530000.0
279,Mauritania,Gambia,0,1,MTN,GAM,2022,1,12,103,126,0,0,0,0,CMR,24.435714285714283,70.85714285714286,24.9,525000.0,25.4,3030000.0,26.1,8700000.0,25.6,14930000.0,25.1,375000.0,26.5,9350000.0,24.6,33780000.0,25.2,47930000.0
280,Cameroon,Ethiopia,4,1,CMR,ETH,2022,1,13,33,138,5,1,1,0,CMR,24.435714285714283,70.85714285714286,24.9,18150000.0,24.8,31850000.0,25.2,82280000.0,24.9,189100000.0,27.0,325000.0,25.2,825000.0,24.0,950000.0,25.5,3000000.0
281,Cape Verde,Burkina Faso,0,1,CPV,BFA,2022,1,13,72,50,0,0,0,0,CMR,24.435714285714283,70.85714285714286,27.1,625000.0,27.5,4850000.0,25.4,25400000.0,26.6,38480000.0,26.2,2930000.0,25.5,48250000.0,22.6,26200000.0,24.8,82550000.0
282,Senegal,Guinea,0,0,SEN,GUI,2022,1,14,19,83,1,0,0,0,CMR,24.435714285714283,70.85714285714286,27.0,42300000.0,26.5,118000000.0,24.9,170000000.0,26.2,389500000.0,24.8,550000.0,25.6,20180000.0,24.8,26000000.0,24.9,114530000.0
283,Malawi,Zimbabwe,2,1,MWI,ZIM,2022,1,14,124,125,0,0,0,0,CMR,24.435714285714283,70.85714285714286,24.2,175000.0,25.0,1350000.0,26.4,2150000.0,25.6,4950000.0,29.3,250000.0,28.7,4780000.0,26.4,9450000.0,28.6,15680000.0
284,Morocco,Comoros,2,0,MAR,COM,2022,1,14,11,129,1,0,0,0,CMR,24.435714285714283,70.85714285714286,30.6,18900000.0,26.2,120450000.0,25.3,100900000.0,26.4,308350000.0,26.2,300000.0,25.9,3580000.0,26.6,5400000.0,26.3,12780000.0
285,Gabon,Ghana,1,1,GAB,GHA,2022,1,14,79,58,0,4,0,0,CMR,24.435714285714283,70.85714285714286,26.8,300000.0,26.3,3950000.0,25.2,33280000.0,26.4,54180000.0,24.7,3680000.0,25.5,59430000.0,24.2,97750000.0,24.8,215580000.0
286,Nigeria,Sudan,3,1,NGA,SDN,2022,1,15,35,128,3,1,0,0,CMR,24.435714285714283,70.85714285714286,24.2,2750000.0,23.9,43080000.0,23.8,248080000.0,23.8,382500000.0,27.3,375000.0,26.4,825000.0,24.5,875000.0,25.7,3100000.0
287,Nigeria,Sudan,3,1,NGA,SDN,2022,1,15,35,128,3,1,0,0,CMR,24.435714285714283,70.85714285714286,24.2,2750000.0,23.9,43080000.0,23.8,248080000.0,23.8,382500000.0,27.3,375000.0,26.4,825000.0,24.5,875000.0,25.7,3100000.0
288,Guinea-Bissau,Egypt,0,1,GNB,EGY,2022,1,15,118,39,0,7,0,0,CMR,24.435714285714283,70.85714285714286,23.5,400000.0,25.7,5630000.0,26.2,10400000.0,25.5,27400000.0,28.6,5900000.0,27.4,17100000.0,25.7,132850000.0,27.2,180500000.0
289,Ivory Coast,Sierra Leone,2,2,CIV,SLE,2022,1,16,47,116,3,0,0,0,CMR,24.435714285714283,70.85714285714286,26.8,700000.0,25.9,103200000.0,24.8,168300000.0,25.8,361100000.0,22.6,225000.0,24.6,6100000.0,24.4,6130000.0,24.1,13300000.0
290,Ivory Coast,Sierra Leone,2,2,CIV,SLE,2022,1,16,47,116,3,0,0,0,CMR,24.435714285714283,70.85714285714286,26.8,700000.0,25.9,103200000.0,24.8,168300000.0,25.8,361100000.0,22.6,225000.0,24.6,6100000.0,24.4,6130000.0,24.1,13300000.0
291,Algeria,Equatorial Guinea,0,1,ALG,EQG,2022,1,16,40,98,2,0,0,0,CMR,24.435714285714283,70.85714285714286,30.6,2700000.0,27.1,53500000.0,28.1,122400000.0,27.6,233300000.0,24.3,375000.0,24.9,1650000.0,25.0,2180000.0,24.7,10400000.0
292,Gambia,Mali,1,1,GAM,MLI,2022,1,16,126,45,0,0,0,0,CMR,24.435714285714283,70.85714285714286,25.1,375000.0,26.5,9350000.0,24.6,33780000.0,25.2,47930000.0,26.8,1200000.0,25.2,34500000.0,25.5,37980000.0,25.1,205530000.0
293,Tunisia,Mauritania,4,0,TUN,MTN,2022,1,16,30,103,1,0,0,0,CMR,24.435714285714283,70.85714285714286,29.2,3800000.0,26.1,21980000.0,28.8,17550000.0,26.5,79080000.0,24.9,525000.0,25.4,3030000.0,26.1,8700000.0,25.6,14930000.0
294,Burkina Faso,Ethiopia,1,1,BFA,ETH,2022,1,17,50,138,0,1,0,0,CMR,24.435714285714283,70.85714285714286,26.2,2930000.0,25.5,48250000.0,22.6,26200000.0,24.8,82550000.0,27.0,325000.0,25.2,825000.0,24.0,950000.0,25.5,3000000.0
295,Cameroon,Cape Verde,1,1,CMR,CPV,2022,1,17,33,72,5,0,1,0,CMR,24.435714285714283,70.85714285714286,24.9,18150000.0,24.8,31850000.0,25.2,82280000.0,24.9,189100000.0,27.1,625000.0,27.5,4850000.0,25.4,25400000.0,26.6,38480000.0
296,Malawi,Senegal,0,0,MWI,SEN,2022,1,18,124,19,0,1,0,0,CMR,24.435714285714283,70.85714285714286,24.2,175000.0,25.0,1350000.0,26.4,2150000.0,25.6,4950000.0,27.0,42300000.0,26.5,118000000.0,24.9,170000000.0,26.2,389500000.0
297,Zimbabwe,Guinea,2,1,ZIM,GUI,2022,1,18,125,83,0,0,0,0,CMR,24.435714285714283,70.85714285714286,29.3,250000.0,28.7,4780000.0,26.4,9450000.0,28.6,15680000.0,24.8,550000.0,25.6,20180000.0,24.8,26000000.0,24.9,114530000.0
298,Gabon,Morocco,2,2,GAB,MAR,2022,1,18,79,11,0,1,0,0,CMR,24.435714285714283,70.85714285714286,26.8,300000.0,26.3,3950000.0,25.2,33280000.0,26.4,54180000.0,30.6,18900000.0,26.2,120450000.0,25.3,100900000.0,26.4,308350000.0
299,Ghana,Comoros,2,3,GHA,COM,2022,1,18,58,129,4,0,0,0,CMR,24.435714285714283,70.85714285714286,24.7,3680000.0,25.5,59430000.0,24.2,97750000.0,24.8,215580000.0,26.2,300000.0,25.9,3580000.0,26.6,5400000.0,26.3,12780000.0
300,Egypt,Sudan,1,0,EGY,SDN,2022,1,19,39,128,7,1,0,0,CMR,24.435714285714283,70.85714285714286,28.6,5900000.0,27.4,17100000.0,25.7,132850000.0,27.2,180500000.0,27.3,375000.0,26.4,825000.0,24.5,875000.0,25.7,3100000.0
301,Guinea-Bissau,Nigeria,0,2,GNB,NGA,2022,1,19,118,35,0,3,0,0,CMR,24.435714285714283,70.85714285714286,23.5,400000.0,25.7,5630000.0,26.2,10400000.0,25.5,27400000.0,24.2,2750000.0,23.9,43080000.0,23.8,248080000.0,23.8,382500000.0
302,Guinea-Bissau,Nigeria,0,2,GNB,NGA,2022,1,19,118,35,0,3,0,0,CMR,24.435714285714283,70.85714285714286,23.5,400000.0,25.7,5630000.0,26.2,10400000.0,25.5,27400000.0,24.2,2750000.0,23.9,43080000.0,23.8,248080000.0,23.8,382500000.0
303,Ivory Coast,Algeria,3,1,CIV,ALG,2022,1,20,47,40,3,2,0,0,CMR,24.435714285714283,70.85714285714286,26.8,700000.0,25.9,103200000.0,24.8,168300000.0,25.8,361100000.0,30.6,2700000.0,27.1,53500000.0,28.1,122400000.0,27.6,233300000.0
304,Ivory Coast,Algeria,3,1,CIV,ALG,2022,1,20,47,40,3,2,0,0,CMR,24.435714285714283,70.85714285714286,26.8,700000.0,25.9,103200000.0,24.8,168300000.0,25.8,361100000.0,30.6,2700000.0,27.1,53500000.0,28.1,122400000.0,27.6,233300000.0
305,Sierra Leone,Equatorial Guinea,0,1,SLE,EQG,2022,1,20,116,98,0,0,0,0,CMR,24.435714285714283,70.85714285714286,22.6,225000.0,24.6,6100000.0,24.4,6130000.0,24.1,13300000.0,24.3,375000.0,24.9,1650000.0,25.0,2180000.0,24.7,10400000.0
306,Gambia,Tunisia,1,0,GAM,TUN,2022,1,20,126,30,0,1,0,0,CMR,24.435714285714283,70.85714285714286,25.1,375000.0,26.5,9350000.0,24.6,33780000.0,25.2,47930000.0,29.2,3800000.0,26.1,21980000.0,28.8,17550000.0,26.5,79080000.0
307,Mali,Mauritania,2,0,MLI,MTN,2022,1,20,45,103,0,0,0,0,CMR,24.435714285714283,70.85714285714286,26.8,1200000.0,25.2,34500000.0,25.5,37980000.0,25.1,205530000.0,24.9,525000.0,25.4,3030000.0,26.1,8700000.0,25.6,14930000.0
308,Burkina Faso,Gabon,1,1,BFA,GAB,2022,1,23,50,79,0,0,0,0,CMR,24.435714285714283,70.85714285714286,26.2,2930000.0,25.5,48250000.0,22.6,26200000.0,24.8,82550000.0,26.8,300000.0,26.3,3950000.0,25.2,33280000.0,26.4,54180000.0
309,Nigeria,Tunisia,0,1,NGA,TUN,2022,1,23,35,30,3,1,0,0,CMR,24.435714285714283,70.85714285714286,24.2,2750000.0,23.9,43080000.0,23.8,248080000.0,23.8,382500000.0,29.2,3800000.0,26.1,21980000.0,28.8,17550000.0,26.5,79080000.0
310,Nigeria,Tunisia,0,1,NGA,TUN,2022,1,23,35,30,3,1,0,0,CMR,24.435714285714283,70.85714285714286,24.2,2750000.0,23.9,43080000.0,23.8,248080000.0,23.8,382500000.0,29.2,3800000.0,26.1,21980000.0,28.8,17550000.0,26.5,79080000.0
311,Cameroon,Comoros,2,1,CMR,COM,2022,1,24,33,129,5,0,1,0,CMR,24.435714285714283,70.85714285714286,24.9,18150000.0,24.8,31850000.0,25.2,82280000.0,24.9,189100000.0,26.2,300000.0,25.9,3580000.0,26.6,5400000.0,26.3,12780000.0
312,Guinea,Gambia,0,1,GUI,GAM,2022,1,24,83,126,0,0,0,0,CMR,24.435714285714283,70.85714285714286,24.8,550000.0,25.6,20180000.0,24.8,26000000.0,24.9,114530000.0,25.1,375000.0,26.5,9350000.0,24.6,33780000.0,25.2,47930000.0
313,Morocco,Malawi,2,1,MAR,MWI,2022,1,25,11,124,1,0,0,0,CMR,24.435714285714283,70.85714285714286,30.6,18900000.0,26.2,120450000.0,25.3,100900000.0,26.4,308350000.0,24.2,175000.0,25.0,1350000.0,26.4,2150000.0,25.6,4950000.0
314,Senegal,Cape Verde,2,0,SEN,CPV,2022,1,25,19,72,1,0,0,0,CMR,24.435714285714283,70.85714285714286,27.0,42300000.0,26.5,118000000.0,24.9,170000000.0,26.2,389500000.0,27.1,625000.0,27.5,4850000.0,25.4,25400000.0,26.6,38480000.0
315,Ivory Coast,Egypt,0,0,CIV,EGY,2022,1,26,47,39,3,7,0,0,CMR,24.435714285714283,70.85714285714286,26.8,700000.0,25.9,103200000.0,24.8,168300000.0,25.8,361100000.0,28.6,5900000.0,27.4,17100000.0,25.7,132850000.0,27.2,180500000.0
316,Ivory Coast,Egypt,0,0,CIV,EGY,2022,1,26,47,39,3,7,0,0,CMR,24.435714285714283,70.85714285714286,26.8,700000.0,25.9,103200000.0,24.8,168300000.0,25.8,361100000.0,28.6,5900000.0,27.4,17100000.0,25.7,132850000.0,27.2,180500000.0
317,Mali,Equatorial Guinea,0,0,MLI,EQG,2022,1,26,45,98,0,0,0,0,CMR,24.435714285714283,70.85714285714286,26.8,1200000.0,25.2,34500000.0,25.5,37980000.0,25.1,205530000.0,24.3,375000.0,24.9,1650000.0,25.0,2180000.0,24.7,10400000.0
318,Burkina Faso,Tunisia,1,0,BFA,TUN,2022,1,29,50,30,0,1,0,0,CMR,24.435714285714283,70.85714285714286,26.2,2930000.0,25.5,48250000.0,22.6,26200000.0,24.8,82550000.0,29.2,3800000.0,26.1,21980000.0,28.8,17550000.0,26.5,79080000.0
319,Cameroon,Gambia,2,0,CMR,GAM,2022,1,29,33,126,5,0,1,0,CMR,24.435714285714283,70.85714285714286,24.9,18150000.0,24.8,31850000.0,25.2,82280000.0,24.9,189100000.0,25.1,375000.0,26.5,9350000.0,24.6,33780000.0,25.2,47930000.0
320,Egypt,Morocco,2,1,EGY,MAR,2022,1,30,39,11,7,1,0,0,CMR,24.435714285714283,70.85714285714286,28.6,5900000.0,27.4,17100000.0,25.7,132850000.0,27.2,180500000.0,30.6,18900000.0,26.2,120450000.0,25.3,100900000.0,26.4,308350000.0
321,Senegal,Equatorial Guinea,3,1,SEN,EQG,2022,1,30,19,98,1,0,0,0,CMR,24.435714285714283,70.85714285714286,27.0,42300000.0,26.5,118000000.0,24.9,170000000.0,26.2,389500000.0,24.3,375000.0,24.9,1650000.0,25.0,2180000.0,24.7,10400000.0
322,Burkina Faso,Senegal,1,3,BFA,SEN,2022,2,2,50,19,0,1,0,0,CMR,25.19285714285714,68.71428571428571,26.2,2930000.0,25.5,48250000.0,22.6,26200000.0,24.8,82550000.0,27.0,42300000.0,26.5,118000000.0,24.9,170000000.0,26.2,389500000.0
323,Cameroon,Egypt,0,0,CMR,EGY,2022,2,3,33,39,5,7,1,0,CMR,25.19285714285714,68.71428571428571,24.9,18150000.0,24.8,31850000.0,25.2,82280000.0,24.9,189100000.0,28.6,5900000.0,27.4,17100000.0,25.7,132850000.0,27.2,180500000.0
324,Cameroon,Burkina Faso,3,3,CMR,BFA,2022,2,5,33,50,5,0,1,0,CMR,25.19285714285714,68.71428571428571,24.9,18150000.0,24.8,31850000.0,25.2,82280000.0,24.9,189100000.0,26.2,2930000.0,25.5,48250000.0,22.6,26200000.0,24.8,82550000.0
325,Senegal,Egypt,0,0,SEN,EGY,2022,2,6,19,39,1,7,0,0,CMR,25.19285714285714,68.71428571428571,27.0,42300000.0,26.5,118000000.0,24.9,170000000.0,26.2,389500000.0,28.6,5900000.0,27.4,17100000.0,25.7,132850000.0,27.2,180500000.0
326,Nigeria,Cte d'Ivoire,1,2,NGA,CIV,2024,2,11,44,46,3,3,0,1,CIV,28.557142857142857,58.892857142857146,25.9,2550000.0,25.7,49950000.0,26.7,371900000.0,26.0,473400000.0,27.2,2730000.0,25.9,175400000.0,25.5,172850000.0,25.9,436980000.0
327,Nigeria,Cte d'Ivoire,1,2,NGA,CIV,2024,2,11,44,46,3,3,0,1,CIV,28.557142857142857,58.892857142857146,25.9,2550000.0,25.7,49950000.0,26.7,371900000.0,26.0,473400000.0,27.2,2730000.0,25.9,175400000.0,25.5,172850000.0,25.9,436980000.0
328,Nigeria,Cte d'Ivoire,1,2,NGA,CIV,2024,2,11,44,46,3,3,0,1,CIV,28.557142857142857,58.892857142857146,25.9,2550000.0,25.7,49950000.0,26.7,371900000.0,26.0,473400000.0,27.2,2730000.0,25.9,175400000.0,25.5,172850000.0,25.9,436980000.0
329,Nigeria,Cte d'Ivoire,1,2,NGA,CIV,2024,2,11,44,46,3,3,0,1,CIV,28.557142857142857,58.892857142857146,25.9,2550000.0,25.7,49950000.0,26.7,371900000.0,26.0,473400000.0,27.2,2730000.0,25.9,175400000.0,25.5,172850000.0,25.9,436980000.0
330,South Africa,Congo DR,0,0,RSA,COD,2024,2,10,57,61,1,2,0,0,CIV,28.557142857142857,58.892857142857146,30.5,3200000.0,28.0,12230000.0,24.6,19630000.0,27.0,43000000.0,25.8,2900000.0,27.6,32100000.0,26.5,69250000.0,26.4,123800000.0
331,Cte d'Ivoire,Congo DR,1,0,CIV,COD,2024,2,7,46,61,3,2,1,0,CIV,28.557142857142857,58.892857142857146,27.2,2730000.0,25.9,175400000.0,25.5,172850000.0,25.9,436980000.0,25.8,2900000.0,27.6,32100000.0,26.5,69250000.0,26.4,123800000.0
332,Cte d'Ivoire,Congo DR,1,0,CIV,COD,2024,2,7,46,61,3,2,1,0,CIV,28.557142857142857,58.892857142857146,27.2,2730000.0,25.9,175400000.0,25.5,172850000.0,25.9,436980000.0,25.8,2900000.0,27.6,32100000.0,26.5,69250000.0,26.4,123800000.0
333,Nigeria,South Africa,1,1,NGA,RSA,2024,2,7,44,57,3,1,0,0,CIV,28.557142857142857,58.892857142857146,25.9,2550000.0,25.7,49950000.0,26.7,371900000.0,26.0,473400000.0,30.5,3200000.0,28.0,12230000.0,24.6,19630000.0,27.0,43000000.0
334,Nigeria,South Africa,1,1,NGA,RSA,2024,2,7,44,57,3,1,0,0,CIV,28.557142857142857,58.892857142857146,25.9,2550000.0,25.7,49950000.0,26.7,371900000.0,26.0,473400000.0,30.5,3200000.0,28.0,12230000.0,24.6,19630000.0,27.0,43000000.0
335,Senegal,Cte d'Ivoire,1,1,SEN,CIV,2024,1,29,17,46,1,3,0,1,CIV,27.060714285714283,67.60714285714286,30.5,15500000.0,24.3,59600000.0,24.8,154050000.0,25.4,315250000.0,27.2,2730000.0,25.9,175400000.0,25.5,172850000.0,25.9,436980000.0
336,Senegal,Cte d'Ivoire,1,1,SEN,CIV,2024,1,29,17,46,1,3,0,1,CIV,27.060714285714283,67.60714285714286,30.5,15500000.0,24.3,59600000.0,24.8,154050000.0,25.4,315250000.0,27.2,2730000.0,25.9,175400000.0,25.5,172850000.0,25.9,436980000.0
337,Equatorial Guinea,Guinea,0,1,EQG,GUI,2024,1,28,93,78,0,0,0,0,CIV,27.060714285714283,67.60714285714286,26.1,250000.0,24.7,5450000.0,24.7,2130000.0,24.9,12030000.0,26.0,550000.0,25.3,18330000.0,24.5,57650000.0,24.8,106380000.0
338,Mali,Cte d'Ivoire,1,2,MLI,CIV,2024,2,3,51,46,0,3,0,1,CIV,28.557142857142857,58.892857142857146,27.9,1300000.0,24.2,36950000.0,24.6,55400000.0,25.0,190050000.0,27.2,2730000.0,25.9,175400000.0,25.5,172850000.0,25.9,436980000.0
339,Mali,Cte d'Ivoire,1,2,MLI,CIV,2024,2,3,51,46,0,3,0,1,CIV,28.557142857142857,58.892857142857146,27.9,1300000.0,24.2,36950000.0,24.6,55400000.0,25.0,190050000.0,27.2,2730000.0,25.9,175400000.0,25.5,172850000.0,25.9,436980000.0
340,Cape Verde Islands,South Africa,0,0,CPV,RSA,2024,2,3,72,57,0,1,0,0,CIV,28.557142857142857,58.892857142857146,29.5,2830000.0,28.1,27500000.0,28.5,11300000.0,28.6,51930000.0,30.5,3200000.0,28.0,12230000.0,24.6,19630000.0,27.0,43000000.0
341,Mali,Burkina Faso,2,1,MLI,BFA,2024,1,30,51,66,0,0,0,0,CIV,27.060714285714283,67.60714285714286,27.9,1300000.0,24.2,36950000.0,24.6,55400000.0,25.0,190050000.0,24.2,1780000.0,25.0,59000000.0,23.5,42000000.0,24.7,107180000.0
342,Congo DR,Guinea,3,1,COD,GUI,2024,2,2,61,78,2,0,0,0,CIV,28.557142857142857,58.892857142857146,25.8,2900000.0,27.6,32100000.0,26.5,69250000.0,26.4,123800000.0,26.0,550000.0,25.3,18330000.0,24.5,57650000.0,24.8,106380000.0
343,Nigeria,Angola,1,0,NGA,ANG,2024,2,2,44,85,3,0,0,0,CIV,28.557142857142857,58.892857142857146,25.9,2550000.0,25.7,49950000.0,26.7,371900000.0,26.0,473400000.0,28.8,725000.0,26.9,26800000.0,25.5,30680000.0,26.4,65500000.0
344,Nigeria,Angola,1,0,NGA,ANG,2024,2,2,44,85,3,0,0,0,CIV,28.557142857142857,58.892857142857146,25.9,2550000.0,25.7,49950000.0,26.7,371900000.0,26.0,473400000.0,28.8,725000.0,26.9,26800000.0,25.5,30680000.0,26.4,65500000.0
345,Angola,Namibia,3,0,ANG,NAM,2024,1,27,85,111,0,0,0,0,CIV,27.060714285714283,67.60714285714286,28.8,725000.0,26.9,26800000.0,25.5,30680000.0,26.4,65500000.0,30.5,175000.0,29.8,2250000.0,27.9,1700000.0,28.3,5500000.0
346,Morocco,South Africa,0,2,MAR,RSA,2024,1,30,14,57,1,1,0,0,CIV,27.060714285714283,67.60714285714286,31.1,13700000.0,26.3,157050000.0,25.1,143500000.0,25.8,419750000.0,30.5,3200000.0,28.0,12230000.0,24.6,19630000.0,27.0,43000000.0
347,Cape Verde Islands,Mauritania,1,0,CPV,MTN,2024,1,29,72,109,0,0,0,0,CIV,27.060714285714283,67.60714285714286,29.5,2830000.0,28.1,27500000.0,28.5,11300000.0,28.6,51930000.0,27.3,650000.0,26.9,2050000.0,26.5,9800000.0,26.5,14250000.0
348,Egypt,Congo DR,1,1,EGY,COD,2024,1,28,33,61,7,2,0,0,CIV,27.060714285714283,67.60714285714286,31.3,6200000.0,28.0,13800000.0,27.4,111850000.0,27.9,148250000.0,25.8,2900000.0,27.6,32100000.0,26.5,69250000.0,26.4,123800000.0
349,Nigeria,Cameroon,2,0,NGA,CMR,2024,1,27,44,49,3,5,0,0,CIV,27.060714285714283,67.60714285714286,25.9,2550000.0,25.7,49950000.0,26.7,371900000.0,26.0,473400000.0,26.6,41650000.0,24.6,35780000.0,28.1,73300000.0,25.8,218980000.0
350,Nigeria,Cameroon,2,0,NGA,CMR,2024,1,27,44,49,3,5,0,0,CIV,27.060714285714283,67.60714285714286,25.9,2550000.0,25.7,49950000.0,26.7,371900000.0,26.0,473400000.0,26.6,41650000.0,24.6,35780000.0,28.1,73300000.0,25.8,218980000.0
351,Egypt,Ghana,2,2,EGY,GHA,2024,1,18,33,77,7,4,0,0,CIV,27.060714285714283,67.60714285714286,31.3,6200000.0,28.0,13800000.0,27.4,111850000.0,27.9,148250000.0,28.3,2380000.0,26.5,72800000.0,26.1,179200000.0,26.5,296050000.0
352,Nigeria,Equatorial Guinea,1,1,NGA,EQG,2024,1,14,44,93,3,0,0,0,CIV,27.060714285714283,67.60714285714286,25.9,2550000.0,25.7,49950000.0,26.7,371900000.0,26.0,473400000.0,26.1,250000.0,24.7,5450000.0,24.7,2130000.0,24.9,12030000.0
353,Nigeria,Equatorial Guinea,1,1,NGA,EQG,2024,1,14,44,93,3,0,0,0,CIV,27.060714285714283,67.60714285714286,25.9,2550000.0,25.7,49950000.0,26.7,371900000.0,26.0,473400000.0,26.1,250000.0,24.7,5450000.0,24.7,2130000.0,24.9,12030000.0
354,Egypt,Mozambique,2,2,EGY,MOZ,2024,1,14,33,96,7,0,0,0,CIV,27.060714285714283,67.60714285714286,31.3,6200000.0,28.0,13800000.0,27.4,111850000.0,27.9,148250000.0,23.1,225000.0,28.0,18930000.0,28.0,1100000.0,27.3,25200000.0
355,Ghana,Cape Verde Islands,1,2,GHA,CPV,2024,1,14,77,72,4,0,0,0,CIV,27.060714285714283,67.60714285714286,28.3,2380000.0,26.5,72800000.0,26.1,179200000.0,26.5,296050000.0,29.5,2830000.0,28.1,27500000.0,28.5,11300000.0,28.6,51930000.0
356,Zambia,Morocco,0,1,ZAM,MAR,2024,1,24,87,14,1,1,0,0,CIV,27.060714285714283,67.60714285714286,27.0,550000.0,27.3,1430000.0,23.8,28700000.0,25.6,35300000.0,31.1,13700000.0,26.3,157050000.0,25.1,143500000.0,25.8,419750000.0
357,Tanzania,Congo DR,0,0,TAN,COD,2024,1,24,106,61,0,2,0,0,CIV,27.060714285714283,67.60714285714286,25.0,200000.0,24.8,300000.0,24.6,3400000.0,24.6,5830000.0,25.8,2900000.0,27.6,32100000.0,26.5,69250000.0,26.4,123800000.0
358,Namibia,Mali,0,0,NAM,MLI,2024,1,24,111,51,0,0,0,0,CIV,27.060714285714283,67.60714285714286,30.5,175000.0,29.8,2250000.0,27.9,1700000.0,28.3,5500000.0,27.9,1300000.0,24.2,36950000.0,24.6,55400000.0,25.0,190050000.0
359,South Africa,Tunisia,0,0,RSA,TUN,2024,1,24,57,52,1,1,0,0,CIV,27.060714285714283,67.60714285714286,30.5,3200000.0,28.0,12230000.0,24.6,19630000.0,27.0,43000000.0,28.6,4200000.0,27.4,22750000.0,26.8,19280000.0,26.7,95680000.0
360,Mauritania,Algeria,1,0,MTN,ALG,2024,1,23,109,37,0,2,0,0,CIV,27.060714285714283,67.60714285714286,27.3,650000.0,26.9,2050000.0,26.5,9800000.0,26.5,14250000.0,31.0,4500000.0,26.6,61680000.0,27.0,97850000.0,27.2,268080000.0
361,Angola,Burkina Faso,2,0,ANG,BFA,2024,1,23,85,66,0,0,0,0,CIV,27.060714285714283,67.60714285714286,28.8,725000.0,26.9,26800000.0,25.5,30680000.0,26.4,65500000.0,24.2,1780000.0,25.0,59000000.0,23.5,42000000.0,24.7,107180000.0
362,Gambia,Cameroon,2,3,GAM,CMR,2024,1,23,125,49,0,5,0,0,CIV,27.060714285714283,67.60714285714286,27.9,775000.0,27.3,6330000.0,25.4,51850000.0,26.9,68630000.0,26.6,41650000.0,24.6,35780000.0,28.1,73300000.0,25.8,218980000.0
363,Guinea,Senegal,0,2,GUI,SEN,2024,1,23,78,17,0,1,0,0,CIV,27.060714285714283,67.60714285714286,26.0,550000.0,25.3,18330000.0,24.5,57650000.0,24.8,106380000.0,30.5,15500000.0,24.3,59600000.0,24.8,154050000.0,25.4,315250000.0
364,Cape Verde Islands,Egypt,2,2,CPV,EGY,2024,1,22,72,33,0,7,0,0,CIV,27.060714285714283,67.60714285714286,29.5,2830000.0,28.1,27500000.0,28.5,11300000.0,28.6,51930000.0,31.3,6200000.0,28.0,13800000.0,27.4,111850000.0,27.9,148250000.0
365,Mozambique,Ghana,2,2,MOZ,GHA,2024,1,22,96,77,0,4,0,0,CIV,27.060714285714283,67.60714285714286,23.1,225000.0,28.0,18930000.0,28.0,1100000.0,27.3,25200000.0,28.3,2380000.0,26.5,72800000.0,26.1,179200000.0,26.5,296050000.0
366,Guinea-Bissau,Nigeria,0,1,GNB,NGA,2024,1,22,120,44,0,3,0,0,CIV,27.060714285714283,67.60714285714286,26.3,1080000.0,28.2,6630000.0,26.6,42850000.0,27.2,54700000.0,25.9,2550000.0,25.7,49950000.0,26.7,371900000.0,26.0,473400000.0
367,Guinea-Bissau,Nigeria,0,1,GNB,NGA,2024,1,22,120,44,0,3,0,0,CIV,27.060714285714283,67.60714285714286,26.3,1080000.0,28.2,6630000.0,26.6,42850000.0,27.2,54700000.0,25.9,2550000.0,25.7,49950000.0,26.7,371900000.0,26.0,473400000.0
368,Equatorial Guinea,Cte d'Ivoire,4,0,EQG,CIV,2024,1,22,93,46,0,3,0,1,CIV,27.060714285714283,67.60714285714286,26.1,250000.0,24.7,5450000.0,24.7,2130000.0,24.9,12030000.0,27.2,2730000.0,25.9,175400000.0,25.5,172850000.0,25.9,436980000.0
369,Equatorial Guinea,Cte d'Ivoire,4,0,EQG,CIV,2024,1,22,93,46,0,3,0,1,CIV,27.060714285714283,67.60714285714286,26.1,250000.0,24.7,5450000.0,24.7,2130000.0,24.9,12030000.0,27.2,2730000.0,25.9,175400000.0,25.5,172850000.0,25.9,436980000.0
370,South Africa,Namibia,4,0,RSA,NAM,2024,1,21,57,111,1,0,0,0,CIV,27.060714285714283,67.60714285714286,30.5,3200000.0,28.0,12230000.0,24.6,19630000.0,27.0,43000000.0,30.5,175000.0,29.8,2250000.0,27.9,1700000.0,28.3,5500000.0
371,Zambia,Tanzania,1,1,ZAM,TAN,2024,1,21,87,106,1,0,0,0,CIV,27.060714285714283,67.60714285714286,27.0,550000.0,27.3,1430000.0,23.8,28700000.0,25.6,35300000.0,25.0,200000.0,24.8,300000.0,24.6,3400000.0,24.6,5830000.0
372,Morocco,Congo DR,1,1,MAR,COD,2024,1,21,14,61,1,2,0,0,CIV,27.060714285714283,67.60714285714286,31.1,13700000.0,26.3,157050000.0,25.1,143500000.0,25.8,419750000.0,25.8,2900000.0,27.6,32100000.0,26.5,69250000.0,26.4,123800000.0
373,Tunisia,Mali,1,1,TUN,MLI,2024,1,20,52,51,1,0,0,0,CIV,27.060714285714283,67.60714285714286,28.6,4200000.0,27.4,22750000.0,26.8,19280000.0,26.7,95680000.0,27.9,1300000.0,24.2,36950000.0,24.6,55400000.0,25.0,190050000.0
374,Mauritania,Angola,2,3,MTN,ANG,2024,1,20,109,85,0,0,0,0,CIV,27.060714285714283,67.60714285714286,27.3,650000.0,26.9,2050000.0,26.5,9800000.0,26.5,14250000.0,28.8,725000.0,26.9,26800000.0,25.5,30680000.0,26.4,65500000.0
375,Algeria,Burkina Faso,2,2,ALG,BFA,2024,1,20,37,66,2,0,0,0,CIV,27.060714285714283,67.60714285714286,31.0,4500000.0,26.6,61680000.0,27.0,97850000.0,27.2,268080000.0,24.2,1780000.0,25.0,59000000.0,23.5,42000000.0,24.7,107180000.0
376,Guinea,Gambia,1,0,GUI,GAM,2024,1,19,78,125,0,0,0,0,CIV,27.060714285714283,67.60714285714286,26.0,550000.0,25.3,18330000.0,24.5,57650000.0,24.8,106380000.0,27.9,775000.0,27.3,6330000.0,25.4,51850000.0,26.9,68630000.0
377,Senegal,Cameroon,3,1,SEN,CMR,2024,1,19,17,49,1,5,0,0,CIV,27.060714285714283,67.60714285714286,30.5,15500000.0,24.3,59600000.0,24.8,154050000.0,25.4,315250000.0,26.6,41650000.0,24.6,35780000.0,28.1,73300000.0,25.8,218980000.0
378,Cape Verde Islands,Mozambique,3,0,CPV,MOZ,2024,1,19,72,96,0,0,0,0,CIV,27.060714285714283,67.60714285714286,29.5,2830000.0,28.1,27500000.0,28.5,11300000.0,28.6,51930000.0,23.1,225000.0,28.0,18930000.0,28.0,1100000.0,27.3,25200000.0
379,Cte d'Ivoire,Nigeria,0,1,CIV,NGA,2024,1,18,46,44,3,3,1,0,CIV,27.060714285714283,67.60714285714286,27.2,2730000.0,25.9,175400000.0,25.5,172850000.0,25.9,436980000.0,25.9,2550000.0,25.7,49950000.0,26.7,371900000.0,26.0,473400000.0
380,Cte d'Ivoire,Nigeria,0,1,CIV,NGA,2024,1,18,46,44,3,3,1,0,CIV,27.060714285714283,67.60714285714286,27.2,2730000.0,25.9,175400000.0,25.5,172850000.0,25.9,436980000.0,25.9,2550000.0,25.7,49950000.0,26.7,371900000.0,26.0,473400000.0
381,Cte d'Ivoire,Nigeria,0,1,CIV,NGA,2024,1,18,46,44,3,3,1,0,CIV,27.060714285714283,67.60714285714286,27.2,2730000.0,25.9,175400000.0,25.5,172850000.0,25.9,436980000.0,25.9,2550000.0,25.7,49950000.0,26.7,371900000.0,26.0,473400000.0
382,Cte d'Ivoire,Nigeria,0,1,CIV,NGA,2024,1,18,46,44,3,3,1,0,CIV,27.060714285714283,67.60714285714286,27.2,2730000.0,25.9,175400000.0,25.5,172850000.0,25.9,436980000.0,25.9,2550000.0,25.7,49950000.0,26.7,371900000.0,26.0,473400000.0
383,Equatorial Guinea,Guinea-Bissau,4,2,EQG,GNB,2024,1,18,93,120,0,0,0,0,CIV,27.060714285714283,67.60714285714286,26.1,250000.0,24.7,5450000.0,24.7,2130000.0,24.9,12030000.0,26.3,1080000.0,28.2,6630000.0,26.6,42850000.0,27.2,54700000.0
384,Congo DR,Zambia,1,1,COD,ZAM,2024,1,17,61,87,2,1,0,0,CIV,27.060714285714283,67.60714285714286,25.8,2900000.0,27.6,32100000.0,26.5,69250000.0,26.4,123800000.0,27.0,550000.0,27.3,1430000.0,23.8,28700000.0,25.6,35300000.0
385,Morocco,Tanzania,3,0,MAR,TAN,2024,1,17,14,106,1,0,0,0,CIV,27.060714285714283,67.60714285714286,31.1,13700000.0,26.3,157050000.0,25.1,143500000.0,25.8,419750000.0,25.0,200000.0,24.8,300000.0,24.6,3400000.0,24.6,5830000.0
386,Tunisia,Namibia,0,1,TUN,NAM,2024,1,16,52,111,1,0,0,0,CIV,27.060714285714283,67.60714285714286,28.6,4200000.0,27.4,22750000.0,26.8,19280000.0,26.7,95680000.0,30.5,175000.0,29.8,2250000.0,27.9,1700000.0,28.3,5500000.0
387,Burkina Faso,Mauritania,1,0,BFA,MTN,2024,1,16,66,109,0,0,0,0,CIV,27.060714285714283,67.60714285714286,24.2,1780000.0,25.0,59000000.0,23.5,42000000.0,24.7,107180000.0,27.3,650000.0,26.9,2050000.0,26.5,9800000.0,26.5,14250000.0
388,Mali,South Africa,2,0,MLI,RSA,2024,1,16,51,57,0,1,0,0,CIV,27.060714285714283,67.60714285714286,27.9,1300000.0,24.2,36950000.0,24.6,55400000.0,25.0,190050000.0,30.5,3200000.0,28.0,12230000.0,24.6,19630000.0,27.0,43000000.0
389,Algeria,Angola,1,1,ALG,ANG,2024,1,15,37,85,2,0,0,0,CIV,27.060714285714283,67.60714285714286,31.0,4500000.0,26.6,61680000.0,27.0,97850000.0,27.2,268080000.0,28.8,725000.0,26.9,26800000.0,25.5,30680000.0,26.4,65500000.0
390,Cameroon,Guinea,1,1,CMR,GUI,2024,1,15,49,78,5,0,0,0,CIV,27.060714285714283,67.60714285714286,26.6,41650000.0,24.6,35780000.0,28.1,73300000.0,25.8,218980000.0,26.0,550000.0,25.3,18330000.0,24.5,57650000.0,24.8,106380000.0
391,Senegal,Gambia,3,0,SEN,GAM,2024,1,15,17,125,1,0,0,0,CIV,27.060714285714283,67.60714285714286,30.5,15500000.0,24.3,59600000.0,24.8,154050000.0,25.4,315250000.0,27.9,775000.0,27.3,6330000.0,25.4,51850000.0,26.9,68630000.0
392,Cte d'Ivoire,Guinea-Bissau,2,0,CIV,GNB,2024,1,13,46,120,3,0,1,0,CIV,27.060714285714283,67.60714285714286,27.2,2730000.0,25.9,175400000.0,25.5,172850000.0,25.9,436980000.0,26.3,1080000.0,28.2,6630000.0,26.6,42850000.0,27.2,54700000.0
393,Cte d'Ivoire,Guinea-Bissau,2,0,CIV,GNB,2024,1,13,46,120,3,0,1,0,CIV,27.060714285714283,67.60714285714286,27.2,2730000.0,25.9,175400000.0,25.5,172850000.0,25.9,436980000.0,26.3,1080000.0,28.2,6630000.0,26.6,42850000.0,27.2,54700000.0
